"Fecha de Emisión";"Tipo de Comprobante";"Punto de Venta";"Número Desde";"Número Hasta";"Cód. Autorización";"Tipo Doc. Emisor";"Nro. Doc. Emisor";"Denominación Emisor";"Tipo Doc. Receptor";"Nro. Doc. Receptor";"Tipo Cambio";"Moneda";"Imp. Neto Gravado IVA 0%";"IVA 2,5%";"Imp. Neto Gravado IVA 2,5%";"IVA 5%";"Imp. Neto Gravado IVA 5%";"IVA 10,5%";"Imp. Neto Gravado IVA 10,5%";"IVA 21%";"Imp. Neto Gravado IVA 21%";"IVA 27%";"Imp. Neto Gravado IVA 27%";"Imp. Neto Gravado Total";"Imp. Neto No Gravado";"Imp. Op. Exentas";"Otros Tributos";"Total IVA";"Imp. Total"
2026-01-05;1;2;1448;1448;76011311313418;80;20329854621;GABROUSKI CRISTIAN MATIAS;80;30585569379;1,00;$;;;;;;;;441252,00;2101200,00;;;2101200,00;0,00;0,00;69549,72;441252,00;2612001,72
2026-01-05;11;5;144;144;76016676987608;80;20145130116;ARENHARDT NELSON BERNARDO;80;30585569379;1,00;$;0,00;0,00;0,00;0,00;0,00;0,00;0,00;0,00;0,00;0,00;0,00;0,00;0,00;0,00;0,00;0,00;417954,00
2026-01-05;81;48;174533;174533;;80;23140632139;SCHOLLES OMAR ALBERTO;80;30585569379;1,00;$;0,00;0,00;0,00;0,00;0,00;0,00;0,00;13035,81;62075,29;0,00;0,00;62075,29;0,00;0,00;0,00;13035,81;83880,00
2026-01-05;81;48;174547;174547;;80;23140632139;SCHOLLES OMAR ALBERTO;80;30585569379;1,00;$;0,00;0,00;0,00;0,00;0,00;0,00;0,00;24768,04;117943,05;0,00;0,00;117943,05;0,00;0,00;0,00;24768,04;159372,01
2026-01-06;1;5;23789;23789;76019784783737;80;33707373909;BELTRAMINO HNOS SH DE BELTRAMINO VICTOR Y BELTRAMINO JUAN P;80;30585569379;1,00;$;;;;;;;;676600,84;3221908,76;;;3221908,76;0,00;0,00;0,00;676600,84;3898509,60
2026-01-06;1;16;38047;38047;76012733638424;80;30711740712;AGUAS MISIONERAS SOCIEDAD DEL ESTADO;80;30585569379;1,00;$;;;;;;;;742,82;3537,26;;;3537,26;0,00;0,00;0,00;742,82;4280,08
2026-01-06;1;4;6356;6356;76019784556321;80;20160594749;SANCHEZ MIGUEL;80;30585569379;1,00;$;;;;;;31975,16;304525,33;;;;;304525,33;0,00;0,00;0,00;31975,16;336500,51
2026-01-07;1;13;123721;123721;76013971624947;80;30712275533;BA-MA-NA SRL;80;30585569379;1,00;$;;;;;;;;16498,41;78563,86;;;78563,86;0,00;0,00;0,00;16498,41;95062,27
2026-01-07;1;13;123722;123722;76013971642810;80;30712275533;BA-MA-NA SRL;80;30585569379;1,00;$;;;;;;;;45165,94;215075,91;;;215075,91;0,00;0,00;6452,28;45165,94;266694,13
2026-01-07;1;13;123723;123723;76013971657211;80;30712275533;BA-MA-NA SRL;80;30585569379;1,00;$;;;;;;;;3188,83;15184,90;;;15184,90;0,00;0,00;0,00;3188,83;18373,73
2026-01-07;1;3;25074;25074;76019946690015;80;30716024349;DON CAMACHO DISTRIBUCIONES S.R.L;80;30585569379;1,00;$;;;;;;;;18834,32;89687,25;;;89687,25;2478,40;0,00;0,00;18834,32;110999,97
2026-01-07;1;5;40412;40412;76016868679237;80;30711527156;HUXLEY S.A.;80;30585569379;1,00;$;;;;;;;;56322,00;268200,00;;;268200,00;0,00;0,00;0,00;56322,00;324522,00
2026-01-07;1;18;97599;97599;76022068773261;80;30603866092;FRIGORIFICO SAN FRANCISCO S.A.I.C. Y A. S. A.;80;30585569379;1,00;$;;;;;;71242,42;678499,25;;;;;678499,25;0,00;0,00;22458,33;71242,42;772200,00
2026-01-07;11;2;187598;187598;76016955794485;80;30525525046;CAMARA ARGENTINA DE COMERCIO Y SERVICIOS;80;30585569379;1,00;$;0,00;0,00;0,00;0,00;0,00;0,00;0,00;0,00;0,00;0,00;0,00;0,00;0,00;0,00;0,00;0,00;24000,00
2026-01-07;81;48;174687;174687;;80;23140632139;SCHOLLES OMAR ALBERTO;80;30585569379;1,00;$;0,00;0,00;0,00;0,00;0,00;0,00;0,00;18439,82;87808,67;0,00;0,00;87808,67;0,00;0,00;0,00;18439,82;119499,65
2026-01-08;1;26;651526;651526;76028011571368;80;30637530158;COOPERATIVA FRIGORIFICA LEANDRO N ALEM;80;30585569379;1,00;$;;;;;;;;10909,80;51951,41;;;51951,41;0,00;0,00;0,00;10909,80;62861,21
2026-01-08;1;7;858441;858441;76025138532479;80;30708169575;ABARCA S.R.L.;80;30585569379;1,00;$;;;;;;;;30396,79;144746,60;;;144746,60;0,00;0,00;4342,41;30396,79;179485,80
2026-01-08;1;7;858442;858442;76025138532482;80;30708169575;ABARCA S.R.L.;80;30585569379;1,00;$;;;;;;;;41168,54;196040,68;;;196040,68;0,00;0,00;5881,20;41168,54;243090,42
2026-01-08;1;7;858443;858443;76025138532526;80;30708169575;ABARCA S.R.L.;80;30585569379;1,00;$;;;;;;;;133923,55;637731,21;;;637731,21;0,00;0,00;40240,84;133923,55;811895,60
2026-01-08;1;7;858444;858444;76025138532542;80;30708169575;ABARCA S.R.L.;80;30585569379;1,00;$;;;;;;;;70541,82;335913,45;;;335913,45;0,00;0,00;21196,15;70541,82;427651,42
2026-01-08;1;7;858445;858445;76025138532571;80;30708169575;ABARCA S.R.L.;80;30585569379;1,00;$;;;;;;;;18890,00;89952,39;;;89952,39;0,00;0,00;0,00;18890,00;108842,39
2026-01-08;1;7;858446;858446;76025138532602;80;30708169575;ABARCA S.R.L.;80;30585569379;1,00;$;;;;;;;;37716,06;179600,30;;;179600,30;0,00;0,00;5388,00;37716,06;222704,36
2026-01-08;1;7;858447;858447;76025138532631;80;30708169575;ABARCA S.R.L.;80;30585569379;1,00;$;;;;;;;;10420,65;49622,16;;;49622,16;0,00;0,00;0,00;10420,65;60042,81
2026-01-08;1;12;24168;24168;76024023377276;80;30710291914;PAPELERA MERCEDES SRL;80;30585569379;1,00;$;;;;;;;;85284,93;406118,73;;;406118,73;0,00;0,00;13442,53;85284,93;504846,20
2026-01-08;1;4;1074;1074;76027096078443;80;20283378277;KWASZKA ALEXANDER ARIEL;80;30585569379;1,00;$;;;;;;;;16954,87;80737,46;;;80737,46;0,00;0,00;0,00;16954,87;97692,33
2026-01-08;1;2;268;268;76024034673101;80;20131359234;FRANDOVIAK PABLO BENJAMIN;80;30585569379;1,00;$;;;;;;;;472290,00;2249000,00;;;2249000,00;0,00;0,00;0,00;472290,00;2721290,00
2026-01-08;1;7;231;231;76024111324092;80;20238946124;SALMI RICARDO ESTEBAN;80;30585569379;1,00;$;;;;;;;;27855,32;132644,38;;;132644,38;0,00;0,00;0,00;27855,32;160499,72
2026-01-08;1;7;232;232;76024176653054;80;20238946124;SALMI RICARDO ESTEBAN;80;30585569379;1,00;$;;;;;;;;11511,80;54818,10;;;54818,10;0,00;0,00;0,00;11511,80;66329,90
2026-01-08;2;4;1281;1281;76029102715086;80;30709944629;954 LINCOLN SA;80;30585569379;1,00;$;;;;;;;;5050,50;24050,00;;;24050,00;0,00;40950,00;0,00;5050,50;70050,50
2026-01-08;11;2;187656;187656;76026066393654;80;30525525046;CAMARA ARGENTINA DE COMERCIO Y SERVICIOS;80;30585569379;1,00;$;0,00;0,00;0,00;0,00;0,00;0,00;0,00;0,00;0,00;0,00;0,00;0,00;0,00;0,00;0,00;0,00;24000,00
2026-01-08;11;3;313;313;76021019949927;80;20112889311;KUMMRITZ HELMUTH OTTO;80;30585569379;1,00;$;0,00;0,00;0,00;0,00;0,00;0,00;0,00;0,00;0,00;0,00;0,00;0,00;0,00;0,00;0,00;0,00;166668,00
2026-01-08;81;48;174793;174793;;80;23140632139;SCHOLLES OMAR ALBERTO;80;30585569379;1,00;$;0,00;0,00;0,00;0,00;0,00;0,00;0,00;9419,44;44854,48;0,00;0,00;44854,48;0,00;0,00;0,00;9419,44;62970,00
2026-01-09;1;5;394870;394870;76021225753877;80;30708098031;ECONOR S. R. L.;80;30585569379;1,00;$;;;;;;;;34940,54;166383,54;;;166383,54;0,00;0,00;4991,51;34940,54;206315,59
2026-01-09;1;5;394871;394871;76021225753908;80;30708098031;ECONOR S. R. L.;80;30585569379;1,00;$;;;;;;;;78107,75;371941,68;;;371941,68;0,00;0,00;23469,52;78107,75;473518,95
2026-01-09;1;5;394872;394872;76021225753937;80;30708098031;ECONOR S. R. L.;80;30585569379;1,00;$;;;;;;;;109853,02;523109,61;;;523109,61;0,00;0,00;33008,22;109853,02;665970,85
2026-01-09;1;12;24174;24174;76024163250021;80;30710291914;PAPELERA MERCEDES SRL;80;30585569379;1,00;$;;;;;;;;9955,04;47404,96;;;47404,96;0,00;0,00;0,00;9955,04;57360,00
2026-01-09;1;3;90;90;76028181819533;80;20233457338;SOTNIECZUK STASIUK RUBEN ALBERTO;80;30585569379;1,00;$;;;;;;;;989520,00;4712000,00;;;4712000,00;0,00;0,00;0,00;989520,00;5701520,00
2026-01-09;1;4;69;69;76022191675941;80;20304573792;VITKOSKI RUBEN OSCAR;80;30585569379;1,00;$;;;;;;;;787500,00;3750000,00;;;3750000,00;0,00;0,00;0,00;787500,00;4537500,00
2026-01-09;1;2;306;306;76027218638998;80;20163843057;DIELLO ISRAEL;80;30585569379;1,00;$;;;;;;;;379827,00;1808700,00;;;1808700,00;0,00;0,00;0,00;379827,00;2188527,00
2026-01-09;11;2;117;117;76027230016725;80;27307530487;OLYNIZACK GLADYS CRISTINA;80;30585569379;1,00;$;0,00;0,00;0,00;0,00;0,00;0,00;0,00;0,00;0,00;0,00;0,00;0,00;0,00;0,00;0,00;0,00;1786200,00
2026-01-09;81;48;174866;174866;;80;23140632139;SCHOLLES OMAR ALBERTO;80;30585569379;1,00;$;0,00;0,00;0,00;0,00;0,00;0,00;0,00;56235,76;267789,33;0,00;0,00;267789,33;0,00;0,00;0,00;56235,76;378772,93
2026-01-10;1;5;1329;1329;76020334611805;80;20276750020;RIEGEL DARIO ANDRES;80;30585569379;1,00;$;;;;;;;;36446,28;173553,72;;;173553,72;0,00;0,00;0,00;36446,28;210000,00
2026-01-10;1;4;1076;1076;76027307848613;80;20283378277;KWASZKA ALEXANDER ARIEL;80;30585569379;1,00;$;;;;;;;;13550,54;64526,39;;;64526,39;0,00;0,00;0,00;13550,54;78076,93
2026-01-10;3;4;40;40;76027307792165;80;20283378277;KWASZKA ALEXANDER ARIEL;80;30585569379;1,00;$;;;;;;;;16954,87;80737,46;;;80737,46;0,00;0,00;0,00;16954,87;97692,33
2026-01-10;81;48;174915;174915;;80;23140632139;SCHOLLES OMAR ALBERTO;80;30585569379;1,00;$;0,00;0,00;0,00;0,00;0,00;0,00;0,00;84903,57;404302,71;0,00;0,00;404302,71;0,00;0,00;0,00;84903,57;580581,27
2026-01-10;81;48;174929;174929;;80;23140632139;SCHOLLES OMAR ALBERTO;80;30585569379;1,00;$;0,00;0,00;0,00;0,00;0,00;0,00;0,00;58885,61;280407,67;0,00;0,00;280407,67;0,00;0,00;0,00;58885,61;396620,87
2026-01-12;1;8;9465;9465;76020561989494;80;20239457070;CARRATINI SEBASTIAN ANDRES;80;30585569379;1,00;$;12281,00;;;;;;;44609,25;212425,00;;;224706,00;0,00;0,00;0,00;44609,25;269315,25
2026-01-12;1;14;1815;1815;76023872748091;80;27140634943;JAMASMEIE MARIA ROSA;80;30585569379;1,00;$;;;;;;;;259488,51;1235659,57;;;1235659,57;0,00;0,00;0,00;259488,51;1495148,09
2026-01-12;11;3;7;7;76023518428967;80;20221457103;DIELLO FABIAN CLAUDIO;80;30585569379;1,00;$;0,00;0,00;0,00;0,00;0,00;0,00;0,00;0,00;0,00;0,00;0,00;0,00;0,00;0,00;0,00;0,00;92200,00
2026-01-12;11;3;8;8;76023518589890;80;20221457103;DIELLO FABIAN CLAUDIO;80;30585569379;1,00;$;0,00;0,00;0,00;0,00;0,00;0,00;0,00;0,00;0,00;0,00;0,00;0,00;0,00;0,00;0,00;0,00;1720000,00
2026-01-12;11;3;44;44;76028516192414;80;27144226998;YENKALA LIDIA;80;30585569379;1,00;$;0,00;0,00;0,00;0,00;0,00;0,00;0,00;0,00;0,00;0,00;0,00;0,00;0,00;0,00;0,00;0,00;3052000,00
2026-01-12;15;3;2108;2108;76022873163475;80;27182648502;DIAZ CIBILS SILVIA IVONNE;80;30585569379;1,00;$;0,00;0,00;0,00;0,00;0,00;0,00;0,00;0,00;0,00;0,00;0,00;0,00;0,00;0,00;0,00;0,00;1495500,00
2026-01-13;1;4;98483;98483;76027645813347;80;30711543267;BINDER RULEMANES S.A.;80;30585569379;1,00;$;;;;;;;;19251,62;91674,36;;;91674,36;0,00;0,00;0,00;19251,62;110925,98
2026-01-13;1;5;1035;1035;76021715941203;80;30510899551;DON ENRIQUE S. C. A.;80;30585569379;1,00;$;;;;;;;;39427,08;187748,00;;;187748,00;0,00;0,00;6214,46;39427,08;233389,54
2026-01-13;1;2;433;433;76022634760383;80;27136587272;GUARDIA MIRIAN BEATRIZ;80;30585569379;1,00;$;;;;;;;;18480,00;88000,00;;;88000,00;0,00;0,00;0,00;18480,00;106480,00
2026-01-13;1;2;434;434;76022634839474;80;27136587272;GUARDIA MIRIAN BEATRIZ;80;30585569379;1,00;$;;;;;;;;18480,00;88000,00;;;88000,00;0,00;0,00;0,00;18480,00;106480,00
2026-01-13;1;2;435;435;76022634997320;80;27136587272;GUARDIA MIRIAN BEATRIZ;80;30585569379;1,00;$;;;;;;;;36960,00;176000,00;;;176000,00;0,00;0,00;0,00;36960,00;212960,00
2026-01-14;1;3;25121;25121;76029858168468;80;30716024349;DON CAMACHO DISTRIBUCIONES S.R.L;80;30585569379;1,00;$;;;;;;;;17311,07;82433,65;;;82433,65;2716,80;0,00;0,00;17311,07;102461,52
2026-01-14;1;18;97798;97798;86030065092279;80;30603866092;FRIGORIFICO SAN FRANCISCO S.A.I.C. Y A. S. A.;80;30585569379;1,00;$;;;;;;61887,36;589403,39;;;;;589403,39;0,00;0,00;19509,25;61887,36;670800,00
2026-01-14;1;14;715864;715864;76025787691667;80;30678196165;TERMINAL 4  S A;80;30585569379;1,00;$;;;;;;;;187421,85;892485,00;;;892485,00;0,00;0,00;0,00;187421,85;1079906,85
2026-01-14;1;14;715865;715865;76025787701620;80;30678196165;TERMINAL 4  S A;80;30585569379;1,00;$;;;;;;;;376091,10;1790910,00;;;1790910,00;0,00;0,00;0,00;376091,10;2167001,10
2026-01-14;81;48;175149;175149;;80;23140632139;SCHOLLES OMAR ALBERTO;80;30585569379;1,00;$;0,00;0,00;0,00;0,00;0,00;0,00;0,00;14970,11;71286,24;0,00;0,00;71286,24;0,00;0,00;0,00;14970,11;97000,93
2026-01-15;1;3;29148;29148;86030020302176;80;30716512149;COMPAÑIA ELECTRICA SRL;80;30585569379;1,00;$;;;;;;8983,05;85552,84;9023,73;42970,12;;;128522,96;0,00;0,00;0,00;18006,78;146529,73
2026-01-15;1;4;1085;1085;86030081555213;80;20283378277;KWASZKA ALEXANDER ARIEL;80;30585569379;1,00;$;;;;;;;;15966,96;76033,12;;;76033,12;0,00;0,00;0,00;15966,96;92000,08
2026-01-15;1;3;1471510;1471510;86030270496203;80;30716370964;ARGENPAY S.A.U.;80;30585569379;1,00;$;;;;;;;;124,16;591,25;;;591,25;0,00;0,00;0,00;124,16;715,41
2026-01-15;1;2;56;56;86030076729181;80;20358401539;KATZ DIEGO GABRIEL;80;30585569379;1,00;$;;;;;;;;129780,00;618000,00;;;618000,00;0,00;0,00;0,00;129780,00;747780,00
2026-01-15;1;8;96;96;86030154914126;80;30501211202;T I M E S A I C;80;30585569379;1,00;$;;;;;;;;372603,00;1774300,00;;;1774300,00;0,00;0,00;0,00;372603,00;2146903,00
2026-01-15;81;48;175188;175188;;80;23140632139;SCHOLLES OMAR ALBERTO;80;30585569379;1,00;$;0,00;0,00;0,00;0,00;0,00;0,00;0,00;10983,68;52303,24;0,00;0,00;52303,24;0,00;0,00;0,00;10983,68;73465,00
2026-01-16;1;106;913177;913177;36027329995677;80;30594494187;FEDERAL EXPRESS CORPORATION;80;30585569379;1,00;$;;;;;;;;;;;;0,00;0,00;763575,04;0,00;0,00;763575,04
2026-01-16;1;100;120537;120537;86030014514433;80;30546504286;EMPRESA CENTRAL ARGENTINO S.A.;80;30585569379;1,00;$;;;;;;;;441000,00;2100000,00;;;2100000,00;0,00;0,00;69510,00;441000,00;2610510,00
2026-01-16;1;100;120538;120538;86030014514433;80;30546504286;EMPRESA CENTRAL ARGENTINO S.A.;80;30585569379;1,00;$;;;;;;;;882000,00;4200000,00;;;4200000,00;0,00;0,00;139020,00;882000,00;5221020,00
2026-01-16;1;2;107;107;86030222309877;80;27331603037;VITKOWSKI SANDRA MABEL;80;30585569379;1,00;$;;;;;;;;452340,00;2154000,00;;;2154000,00;0,00;0,00;0,00;452340,00;2606340,00
2026-01-16;1;4;73;73;86030228241118;80;20304573792;VITKOSKI RUBEN OSCAR;80;30585569379;1,00;$;;;;;;;;648270,00;3087000,00;;;3087000,00;0,00;0,00;0,00;648270,00;3735270,00
2026-01-16;1;4;72;72;86030217510388;80;20304573792;VITKOSKI RUBEN OSCAR;80;30585569379;1,00;$;;;;;;;;72030,00;343000,00;;;343000,00;0,00;0,00;0,00;72030,00;415030,00
2026-01-16;11;7;31989;31989;86030225710869;80;30656017631;ASOCIACION ARGENTINA DE CODIFICACION  DE PRODUCTOS COMERCIALES -CODIGO-;80;30585569379;1,00;$;0,00;0,00;0,00;0,00;0,00;0,00;0,00;0,00;0,00;0,00;0,00;0,00;0,00;0,00;0,00;0,00;1043310,00
2026-01-17;1;2;108;108;86030301498373;80;27331603037;VITKOWSKI SANDRA MABEL;80;30585569379;1,00;$;;;;;;;;173628,00;826800,00;;;826800,00;0,00;0,00;0,00;173628,00;1000428,00
2026-01-19;11;2;199;199;86051748842283;80;20167865403;JASIEJKO MIGUEL ANGEL;80;30585569379;1,00;$;0,00;0,00;0,00;0,00;0,00;0,00;0,00;0,00;0,00;0,00;0,00;0,00;0,00;0,00;0,00;0,00;170000,00
2026-01-20;1;6;154;154;86030616969652;80;20328847060;SCHULZ OTTYS EDUARDO;80;30585569379;1,00;$;;;;;;16001,81;152398,20;7809,92;37190,08;;;189588,28;0,00;0,00;0,00;23811,73;213400,00
2026-01-20;1;8;139;139;86030690774671;80;20288260258;FICHTNER CARLOS RAFAEL;80;30585569379;1,00;$;;;;;;59674,21;568325,79;102743,80;489256,20;;;1057581,99;0,00;0,00;0,00;162418,01;1220000,00
2026-01-20;1;6;155;155;86030617767610;80;20328847060;SCHULZ OTTYS EDUARDO;80;30585569379;1,00;$;;;;;;19042,53;181357,47;7809,92;37190,08;;;218547,55;0,00;0,00;0,00;26852,45;245400,00
2026-01-20;1;4;6398;6398;86030665222140;80;20160594749;SANCHEZ MIGUEL;80;30585569379;1,00;$;;;;;;36251,22;345249,71;;;;;345249,71;0,00;0,00;0,00;36251,22;381500,97
2026-01-20;11;1;48;48;86030633242869;80;20208846850;FIGUEREDO HECTOR;80;30585569379;1,00;$;0,00;0,00;0,00;0,00;0,00;0,00;0,00;0,00;0,00;0,00;0,00;0,00;0,00;0,00;0,00;0,00;770000,00
2026-01-20;81;48;175558;175558;;80;23140632139;SCHOLLES OMAR ALBERTO;80;30585569379;1,00;$;0,00;0,00;0,00;0,00;0,00;0,00;0,00;16358,80;77899,05;0,00;0,00;77899,05;0,00;0,00;0,00;16358,80;105999,16
2026-01-21;1;5;282;282;86030740565213;80;20354538815;MACKOW DENYS GABRIEL;80;30585569379;1,00;$;;;;;;;;41107,35;195749,28;;;195749,28;0,00;0,00;0,00;41107,35;236856,63
2026-01-21;1;3950;6036293;6036293;86040892917445;80;30639453738;TELECOM ARGENTINA SOCIEDAD ANONIMA;80;30585569379;1,00;$;;;;;;;;4933,23;23491,57;51,34;190,16;23681,73;0,00;0,00;716,50;4984,57;29382,80
2026-01-21;1;3950;6019555;6019555;86040891314559;80;30639453738;TELECOM ARGENTINA SOCIEDAD ANONIMA;80;30585569379;1,00;$;;;;;;;;;;;;0,00;0,00;0,00;0,00;0,00;0,00
2026-01-21;1;18;97981;97981;86040902567564;80;30603866092;FRIGORIFICO SAN FRANCISCO S.A.I.C. Y A. S. A.;80;30585569379;1,00;$;;;;;;79158,25;753888,06;;;;;753888,06;0,00;0,00;24953,69;79158,25;858000,00
2026-01-21;1;102;22036;22036;86041315124474;80;30707811516;TOURNE & TOURNE S.A.;80;30585569379;1,00;$;;;;;;;;322998,95;1538090,26;;;1538090,26;0,00;0,00;50910,79;322998,95;1912000,00
2026-01-21;1;102;22037;22037;86041315192389;80;30707811516;TOURNE & TOURNE S.A.;80;30585569379;1,00;$;;;;;;45895,93;437104,08;52239,67;248760,32;;;685864,40;0,00;0,00;0,00;98135,60;784000,00
2026-01-21;1;3;42;42;86030784862731;80;23327980114;RIEGEL ROSANA CARINA;80;30585569379;1,00;$;;;;;;;;158130,00;753000,00;;;753000,00;0,00;0,00;0,00;158130,00;911130,00
2026-01-21;81;48;175591;175591;;80;23140632139;SCHOLLES OMAR ALBERTO;80;30585569379;1,00;$;0,00;0,00;0,00;0,00;0,00;0,00;0,00;10356,04;49314,48;0,00;0,00;49314,48;0,00;0,00;0,00;10356,04;69267,00
2026-01-21;81;48;175603;175603;;80;23140632139;SCHOLLES OMAR ALBERTO;80;30585569379;1,00;$;0,00;0,00;0,00;0,00;0,00;0,00;0,00;58894,41;280449,57;0,00;0,00;280449,57;0,00;0,00;0,00;58894,41;396620,58
2026-01-22;1;8;9506;9506;86040907008622;80;20239457070;CARRATINI SEBASTIAN ANDRES;80;30585569379;1,00;$;;;;;;;;249758,25;1189325,00;;;1189325,00;0,00;0,00;0,00;249758,25;1439083,25
2026-01-22;1;4;1091;1091;86040919138777;80;20283378277;KWASZKA ALEXANDER ARIEL;80;30585569379;1,00;$;;;;;;;;15860,14;75524,47;;;75524,47;0,00;0,00;0,00;15860,14;91384,61
2026-01-22;1;26;654529;654529;86040846331544;80;30637530158;COOPERATIVA FRIGORIFICA LEANDRO N ALEM;80;30585569379;1,00;$;;;;;;;;23525,85;112027,85;;;112027,85;0,00;0,00;3360,84;23525,85;138914,54
2026-01-22;1;5;3518;3518;86040936776255;80;30717241513;DISTRIBUIDORA PARANA SRL;80;30585569379;1,00;$;;;;;;;;22110,74;105289,26;;;105289,26;0,00;0,00;0,00;22110,74;127400,00
2026-01-22;1;1331;1850568;1850568;86040983082786;80;30663288497;AMX ARGENTINA SOCIEDAD ANONIMA;80;30585569379;1,00;$;;;;;;;;477,75;2275,00;2504,25;9275,00;11550,00;0,00;0,00;834,66;2982,00;15366,66
2026-01-22;1;7;239;239;86040951180006;80;20238946124;SALMI RICARDO ESTEBAN;80;30585569379;1,00;$;;;;;;;;35441,90;168770,95;;;168770,95;0,00;0,00;0,00;35441,90;204212,87
2026-01-22;1;3;95;95;86040933784559;80;20237439563;WAYER LOTARIO ENRIQUE;80;30585569379;1,00;$;;;;;;;;799680,00;3808000,00;;;3808000,00;0,00;0,00;0,00;799680,00;4607680,00
2026-01-22;11;3;45;45;86040862653832;80;27144226998;YENKALA LIDIA;80;30585569379;1,00;$;0,00;0,00;0,00;0,00;0,00;0,00;0,00;0,00;0,00;0,00;0,00;0,00;0,00;0,00;0,00;0,00;552000,00
2026-01-22;11;2;41;41;86040915825695;80;20178546903;ERMANTRAUT ARMINDO;80;30585569379;1,00;$;0,00;0,00;0,00;0,00;0,00;0,00;0,00;0,00;0,00;0,00;0,00;0,00;0,00;0,00;0,00;0,00;568800,00
2026-01-22;11;2;1;1;86040863410313;80;27145132644;LAUMANN LELIA LUCIA;80;30585569379;1,00;$;0,00;0,00;0,00;0,00;0,00;0,00;0,00;0,00;0,00;0,00;0,00;0,00;0,00;0,00;0,00;0,00;2022000,00
2026-01-22;11;3;46;46;86040904965915;80;27144226998;YENKALA LIDIA;80;30585569379;1,00;$;0,00;0,00;0,00;0,00;0,00;0,00;0,00;0,00;0,00;0,00;0,00;0,00;0,00;0,00;0,00;0,00;552000,00
2026-01-22;11;2;74;74;86040864252055;80;20145130337;WEDNER RODOLFO;80;30585569379;1,00;$;0,00;0,00;0,00;0,00;0,00;0,00;0,00;0,00;0,00;0,00;0,00;0,00;0,00;0,00;0,00;0,00;2162000,00
2026-01-22;13;3;3;3;86040905900845;80;27144226998;YENKALA LIDIA;80;30585569379;1,00;$;0,00;0,00;0,00;0,00;0,00;0,00;0,00;0,00;0,00;0,00;0,00;0,00;0,00;0,00;0,00;0,00;552000,00
2026-01-23;1;4;12597;12597;86040996478727;80;20315709467;BATISTA GERARDO ARIEL;80;30585569379;1,00;$;;;;;;;;21541,80;102580,01;;;102580,01;0,00;0,00;0,00;21541,80;124121,81
2026-01-23;1;2;308;308;86041021731056;80;20163843057;DIELLO ISRAEL;80;30585569379;1,00;$;;;;;;;;1478148,00;7038800,00;;;7038800,00;0,00;0,00;0,00;1478148,00;8516948,00
2026-01-23;1;4;76;76;86041007165074;80;20304573792;VITKOSKI RUBEN OSCAR;80;30585569379;1,00;$;;;;;;;;391860,00;1866000,00;;;1866000,00;0,00;0,00;0,00;391860,00;2257860,00
2026-01-23;1;2;206;206;86040987079221;80;20116850096;FRANSKOVIAK JULIO;80;30585569379;1,00;$;;;;;;;;275940,00;1314000,00;;;1314000,00;0,00;0,00;0,00;275940,00;1589940,00
2026-01-23;1;2;309;309;86041061300066;80;20163843057;DIELLO ISRAEL;80;30585569379;1,00;$;;;;;;;;375354,00;1787400,00;;;1787400,00;0,00;0,00;0,00;375354,00;2162754,00
2026-01-23;11;2;118;118;86041045888965;80;20170194714;WIEDNER ARNOLDO;80;30585569379;1,00;$;0,00;0,00;0,00;0,00;0,00;0,00;0,00;0,00;0,00;0,00;0,00;0,00;0,00;0,00;0,00;0,00;648000,00
2026-01-23;11;1;49;49;86041082332822;80;20208846850;FIGUEREDO HECTOR;80;30585569379;1,00;$;0,00;0,00;0,00;0,00;0,00;0,00;0,00;0,00;0,00;0,00;0,00;0,00;0,00;0,00;0,00;0,00;207600,00
2026-01-23;81;48;175714;175714;;80;23140632139;SCHOLLES OMAR ALBERTO;80;30585569379;1,00;$;0,00;0,00;0,00;0,00;0,00;0,00;0,00;16505,08;78595,62;0,00;0,00;78595,62;0,00;0,00;0,00;16505,08;106947,01
2026-01-23;81;7;5470;5470;;80;30599492840;BULONERA CENTRO S R L;80;30585569379;1,00;$;0,00;0,00;0,00;0,00;0,00;0,00;0,00;6247,93;29752,05;0,00;0,00;29752,05;0,00;0,00;0,00;6247,93;35999,99
2026-01-24;1;7;56;56;86041132459083;80;23411927709;LARROZA ALDO SEBASTIAN GABRIEL;80;30585569379;1,00;$;;;;;;;;683784,36;3256116,00;;;3256116,00;0,00;0,00;0,00;683784,36;3939900,36
2026-01-24;1;3;25176;25176;86041161542199;80;30716024349;DON CAMACHO DISTRIBUCIONES S.R.L;80;30585569379;1,00;$;;;;;;;;11372,95;54156,91;;;54156,91;1393,20;0,00;0,00;11372,95;66923,06
2026-01-26;1;3;87095;87095;86041324147778;80;30521826394;BELTER ARGENTINA S. A.;80;30585569379;1455,00;USD;;;;;;;;352,81;1680,06;;;1680,06;0,00;0,00;0,23;352,81;2033,10
2026-01-26;1;2;207;207;86041320978762;80;20116850096;FRANSKOVIAK JULIO;80;30585569379;1,00;$;;;;;;;;113736,00;541600,00;;;541600,00;0,00;0,00;0,00;113736,00;655336,00
2026-01-26;1;2;208;208;86041321251517;80;20116850096;FRANSKOVIAK JULIO;80;30585569379;1,00;$;;;;;;;;68712,00;327200,00;;;327200,00;0,00;0,00;0,00;68712,00;395912,00
2026-01-26;1;4;3460;3460;86041321938782;80;33707211429;CELAT SRL;80;30585569379;1,00;$;;;;;;;;85041,32;404958,67;;;404958,67;0,00;0,00;0,00;85041,32;490000,00
2026-01-26;11;3;413;413;86041342933547;80;20237628749;ALMEIDA JOSE MARCELINO;80;30585569379;1,00;$;0,00;0,00;0,00;0,00;0,00;0,00;0,00;0,00;0,00;0,00;0,00;0,00;0,00;0,00;0,00;0,00;259000,00
2026-01-26;11;2;15;15;86041402368611;80;23134714859;ZAPAJA JUAN CARLOS;80;30585569379;1,00;$;0,00;0,00;0,00;0,00;0,00;0,00;0,00;0,00;0,00;0,00;0,00;0,00;0,00;0,00;0,00;0,00;940000,00
2026-01-26;81;48;175915;175915;;80;23140632139;SCHOLLES OMAR ALBERTO;80;30585569379;1,00;$;0,00;0,00;0,00;0,00;0,00;0,00;0,00;10983,68;52303,24;0,00;0,00;52303,24;0,00;0,00;0,00;10983,68;73465,00
2026-01-27;1;4;10322;10322;86041515805418;80;30709944629;954 LINCOLN SA;80;30585569379;1499,00;USD;;;;;;;;77,70;370,00;;;370,00;0,00;525,00;0,00;77,70;972,70
2026-01-27;1;4;12607;12607;86041474122909;80;20315709467;BATISTA GERARDO ARIEL;80;30585569379;1,00;$;;;;;;;;15354,05;73114,55;;;73114,55;0,00;0,00;0,00;15354,05;88468,60
2026-01-27;1;4;10323;10323;86041516039490;80;30709944629;954 LINCOLN SA;80;30585569379;1499,00;USD;;;;;;;;116,55;555,00;;;555,00;0,00;1050,00;0,00;116,55;1721,55
2026-01-27;11;3;31;31;86041453942007;80;27239101173;FIEGE BEATRIZ CECILIA;80;30585569379;1,00;$;0,00;0,00;0,00;0,00;0,00;0,00;0,00;0,00;0,00;0,00;0,00;0,00;0,00;0,00;0,00;0,00;1160000,00
2026-01-27;11;1;37;37;86041484184593;80;27364710270;BENITEZ ANA CESIA;80;30585569379;1,00;$;0,00;0,00;0,00;0,00;0,00;0,00;0,00;0,00;0,00;0,00;0,00;0,00;0,00;0,00;0,00;0,00;1380000,00
2026-01-27;81;48;176033;176033;;80;23140632139;SCHOLLES OMAR ALBERTO;80;30585569379;1,00;$;0,00;0,00;0,00;0,00;0,00;0,00;0,00;17747,82;84513,43;0,00;0,00;84513,43;0,00;0,00;0,00;17747,82;114999,49
2026-01-28;1;5;1354;1354;86041650325337;80;20276750020;RIEGEL DARIO ANDRES;80;30585569379;1,00;$;;;;;;;;22492,56;107107,44;;;107107,44;0,00;0,00;0,00;22492,56;129600,00
2026-01-28;1;3;25200;25200;86041663550066;80;30716024349;DON CAMACHO DISTRIBUCIONES S.R.L;80;30585569379;1,00;$;;;;;;;;23956,06;114076,47;;;114076,47;2198,20;0,00;0,00;23956,06;140230,73
2026-01-28;1;102;756602;756602;86030014514433;80;30546504286;EMPRESA CENTRAL ARGENTINO S.A.;80;30585569379;1,00;$;;;;;;;;12697,35;60463,58;;;60463,58;0,00;0,00;0,00;12697,35;73160,93
2026-01-28;1;2;270;270;86041658337364;80;20131359234;FRANDOVIAK PABLO BENJAMIN;80;30585569379;1,00;$;;;;;;;;567420,00;2702000,00;;;2702000,00;0,00;0,00;0,00;567420,00;3269420,00
2026-01-28;81;48;176068;176068;;80;23140632139;SCHOLLES OMAR ALBERTO;80;30585569379;1,00;$;0,00;0,00;0,00;0,00;0,00;0,00;0,00;29447,20;140224,76;0,00;0,00;140224,76;0,00;0,00;0,00;29447,20;192900,00
2026-01-28;81;48;176092;176092;;80;23140632139;SCHOLLES OMAR ALBERTO;80;30585569379;1,00;$;0,00;0,00;0,00;0,00;0,00;0,00;0,00;2447,11;11652,90;0,00;0,00;11652,90;0,00;0,00;0,00;2447,11;14100,00
2026-01-29;1;4;98872;98872;86051719647507;80;30711543267;BINDER RULEMANES S.A.;80;30585569379;1,00;$;;;;;;;;243157,98;1157895,15;;;1157895,15;0,00;0,00;0,00;243157,98;1401053,13
2026-01-29;1;32;9820;9820;86051718198141;80;30660920451;GRUAS SAN BLAS S A;80;30585569379;1465,00;USD;;;;;;;;6,70;31,90;;;31,90;0,00;0,00;0,00;6,70;38,60
2026-01-29;1;142;587;587;86051718396478;80;30708673974;EL CONDOR S.R.L.;80;30585569379;1,00;$;;;;;;48963,64;466320,36;1074105,40;5114787,60;;;5581107,96;0,00;0,00;184734,67;1123069,04;6888911,67
2026-01-29;1;8;24716;24716;86051773187079;80;30709746185;OUTSOURCING RRHH BURO S.R.L.;80;30585569379;1,00;$;;;;;;;;6979,16;33234,08;;;33234,08;0,00;0,00;0,00;6979,16;40213,24
2026-01-29;11;3;44;44;86051796874046;80;20116851238;ARNDT MANUEL VICTOR;80;30585569379;1,00;$;0,00;0,00;0,00;0,00;0,00;0,00;0,00;0,00;0,00;0,00;0,00;0,00;0,00;0,00;0,00;0,00;613800,00
2026-01-30;1;3;17270;17270;86051923127016;80;30710603851;U & G S. R. L.;80;30585569379;1,00;$;;;;;;;;28647,17;136415,07;;;136415,07;0,00;0,00;0,00;28647,17;165062,24
2026-01-30;1;6;157;157;86051935677487;80;20328847060;SCHULZ OTTYS EDUARDO;80;30585569379;1,00;$;;;;;;33775,79;321674,21;;;;;321674,21;0,00;0,00;0,00;33775,79;355450,00
2026-01-30;1;6;158;158;86051961000425;80;20328847060;SCHULZ OTTYS EDUARDO;80;30585569379;1,00;$;;;;;;32089,14;305610,84;;;;;305610,84;0,00;0,00;0,00;32089,14;337700,00
2026-01-30;1;4;98996;98996;86051937141968;80;30711543267;BINDER RULEMANES S.A.;80;30585569379;1,00;$;;;;;;;;40943,41;194968,62;;;194968,62;0,00;0,00;0,00;40943,41;235912,03
2026-01-30;1;18;98218;98218;86052045170194;80;30603866092;FRIGORIFICO SAN FRANCISCO S.A.I.C. Y A. S. A.;80;30585569379;1,00;$;;;;;;97868,38;932079,78;;;;;932079,78;0,00;0,00;30851,84;97868,38;1060800,00
2026-01-30;1;6;1478;1478;86051957406886;80;20174630748;DO SANTOS SAMUEL;80;30585569379;1,00;$;;;;;;;;74907,00;356700,00;;;356700,00;0,00;0,00;0,00;74907,00;431607,00
2026-01-30;1;3;199;199;86051861835900;80;20347337561;KATTZ CRISTIAN MARIANO;80;30585569379;1,00;$;;;;;;;;488880,00;2328000,00;;;2328000,00;0,00;0,00;0,00;488880,00;2816880,00
2026-01-30;11;2;189369;189369;86051944055371;80;30525525046;CAMARA ARGENTINA DE COMERCIO Y SERVICIOS;80;30585569379;1,00;$;0,00;0,00;0,00;0,00;0,00;0,00;0,00;0,00;0,00;0,00;0,00;0,00;0,00;0,00;0,00;0,00;24000,00
2026-01-30;11;2;189370;189370;86051944261277;80;30525525046;CAMARA ARGENTINA DE COMERCIO Y SERVICIOS;80;30585569379;1,00;$;0,00;0,00;0,00;0,00;0,00;0,00;0,00;0,00;0,00;0,00;0,00;0,00;0,00;0,00;0,00;0,00;24000,00
2026-01-30;81;48;176222;176222;;80;23140632139;SCHOLLES OMAR ALBERTO;80;30585569379;1,00;$;0,00;0,00;0,00;0,00;0,00;0,00;0,00;10669,86;50808,86;0,00;0,00;50808,86;0,00;0,00;0,00;10669,86;71366,00
2026-01-30;81;9;47744;47744;;80;27290747436;LABANDOCZKA SILVIA MARIANA;80;30585569379;1,00;$;0,00;0,00;0,00;0,00;0,00;0,00;0,00;93577,96;445609,33;0,00;0,00;445609,33;0,00;0,00;0,00;93577,96;656082,36
2026-01-31;1;3;1483145;1483145;86052157296296;80;30716370964;ARGENPAY S.A.U.;80;30585569379;1,00;$;;;;;;;;2176,94;10366,38;;;10366,38;0,00;0,00;0,00;2176,94;12543,32
2026-02-02;1;3;38262;38262;86052292624389;80;30714941999;EL ARTESANO SRL;80;30585569379;1,00;$;;;;;;;;8461,28;40291,82;;;40291,82;0,00;0,00;0,00;8461,28;48753,10
2026-02-02;1;7;28356;28356;86052209450251;80;30711486670;DEL LIBANO S.R.L.;80;30585569379;1,00;$;;;;;;;;42304,66;201450,76;;;201450,76;0,00;0,00;0,00;42304,66;243755,44
2026-02-02;1;9;2444;2444;86052209654911;80;33683265689;GAMPEL COMUNICACIONES SRL;80;30585569379;1,00;$;;;;;;;;10731,00;51100,00;;;51100,00;0,00;0,00;0,00;10731,00;61831,00
2026-02-02;1;3;38260;38260;86052291114819;80;30714941999;EL ARTESANO SRL;80;30585569379;1,00;$;;;;;;2688,47;25604,51;3534,89;16832,81;;;42437,32;0,00;0,00;0,00;6223,36;48660,68
2026-02-02;1;3;38261;38261;86052291194931;80;30714941999;EL ARTESANO SRL;80;30585569379;1,00;$;;;;;;;;15037,98;71609,45;;;71609,45;0,00;0,00;0,00;15037,98;86647,43
2026-02-02;1;51;13896;13896;86052488586103;80;30707530207;BOSCO  S. A.;80;30585569379;1,00;$;;;;;;;;5553,72;26446,28;;;26446,28;0,00;0,00;0,00;5553,72;32000,00
2026-02-02;1;18;98287;98287;86052362258299;80;30603866092;FRIGORIFICO SAN FRANCISCO S.A.I.C. Y A. S. A.;80;30585569379;1,00;$;;;;;;85634,83;815569,81;;;;;815569,81;0,00;0,00;26995,36;85634,83;928200,00
2026-02-02;1;2;1459;1459;86052204013092;80;20329854621;GABROUSKI CRISTIAN MATIAS;80;30585569379;1,00;$;;;;;;;;820092,00;3905200,00;;;3905200,00;0,00;0,00;129262,12;820092,00;4854554,12
2026-02-02;1;4;178;178;86052279050054;80;20289815628;DATSCHKE JORGE HUMBERTO;80;30585569379;1,00;$;;;;;;;;248724,00;1184400,00;;;1184400,00;0,00;0,00;0,00;248724,00;1433124,00
2026-02-02;11;3;414;414;86052209079290;80;20237628749;ALMEIDA JOSE MARCELINO;80;30585569379;1,00;$;0,00;0,00;0,00;0,00;0,00;0,00;0,00;0,00;0,00;0,00;0,00;0,00;0,00;0,00;0,00;0,00;245000,00
2026-02-02;11;3;909;909;86052257454758;80;20143642985;MOREIRA JOSE EDUARDO;80;30585569379;1,00;$;0,00;0,00;0,00;0,00;0,00;0,00;0,00;0,00;0,00;0,00;0,00;0,00;0,00;0,00;0,00;0,00;150000,00
2026-02-02;11;5;145;145;86052239524973;80;20145130116;ARENHARDT NELSON BERNARDO;80;30585569379;1,00;$;0,00;0,00;0,00;0,00;0,00;0,00;0,00;0,00;0,00;0,00;0,00;0,00;0,00;0,00;0,00;0,00;246000,00
2026-02-02;17;5;1562737;1562737;37040006147865;80;30545836900;ELECTRICIDAD DE MISIONES S. A.;;;1,00;$;0,00;0,00;0,00;0,00;0,00;0,00;0,00;16575,08;78928,95;0,00;0,00;78928,95;0,00;0,00;2895,44;16575,08;50647,43
2026-02-02;81;49;9804;9804;;80;23140632139;SCHOLLES OMAR ALBERTO;80;30585569379;1,00;$;0,00;0,00;0,00;0,00;0,00;0,00;0,00;12945,16;61643,62;0,00;0,00;61643,62;0,00;0,00;0,00;12945,16;83880,00
2026-02-02;81;48;176444;176444;;80;23140632139;SCHOLLES OMAR ALBERTO;80;30585569379;1,00;$;0,00;0,00;0,00;0,00;0,00;0,00;0,00;12945,16;61643,62;0,00;0,00;61643,62;0,00;0,00;0,00;12945,16;83880,00
2026-02-03;1;3;2279;2279;86052387191933;80;33717137219;FULL PLAY SERVICIOS S.R.L.;80;30585569379;1,00;$;;;;;;;;3037,19;14462,81;;;14462,81;0,00;0,00;0,00;3037,19;17500,00
2026-02-03;1;4;6413;6413;86052434940515;80;20160594749;SANCHEZ MIGUEL;80;30585569379;1,00;$;;;;;;36916,33;351584,10;;;;;351584,10;0,00;0,00;11637,43;36916,33;400137,86
2026-02-03;81;48;176490;176490;;80;23140632139;SCHOLLES OMAR ALBERTO;80;30585569379;1,00;$;0,00;0,00;0,00;0,00;0,00;0,00;0,00;97014,33;461973,00;0,00;0,00;461973,00;0,00;0,00;0,00;97014,33;676424,00
2026-02-03;81;48;176532;176532;;80;23140632139;SCHOLLES OMAR ALBERTO;80;30585569379;1,00;$;0,00;0,00;0,00;0,00;0,00;0,00;0,00;16077,04;76557,33;0,00;0,00;76557,33;0,00;0,00;0,00;16077,04;105000,99
2026-02-04;1;16;38408;38408;86052541972994;80;30711740712;AGUAS MISIONERAS SOCIEDAD DEL ESTADO;80;30585569379;1,00;$;;;;;;;;826,58;3936,11;;;3936,11;0,00;0,00;0,00;826,58;4762,69
2026-02-04;1;3;25227;25227;86052587313255;80;30716024349;DON CAMACHO DISTRIBUCIONES S.R.L;80;30585569379;1,00;$;;;;;;;;8944,69;42593,75;;;42593,75;0,00;0,00;0,00;8944,69;51538,44
2026-02-04;1;2;438;438;86052523397380;80;27136587272;GUARDIA MIRIAN BEATRIZ;80;30585569379;1,00;$;;;;;;;;36960,00;176000,00;;;176000,00;0,00;0,00;0,00;36960,00;212960,00
2026-02-04;1;2;439;439;86052524237881;80;27136587272;GUARDIA MIRIAN BEATRIZ;80;30585569379;1,00;$;;;;;;;;18480,00;88000,00;;;88000,00;0,00;0,00;0,00;18480,00;106480,00
2026-02-04;11;6;151;151;86052594665051;80;20169444995;CHAVES ROSSBERG LUIS ARIEL;80;30585569379;1,00;$;0,00;0,00;0,00;0,00;0,00;0,00;0,00;0,00;0,00;0,00;0,00;0,00;0,00;0,00;0,00;0,00;50000,00
2026-02-04;11;3;423;423;86052612873786;80;20245770481;LEMHOFER ERNESTO GERARDO;80;30585569379;1,00;$;0,00;0,00;0,00;0,00;0,00;0,00;0,00;0,00;0,00;0,00;0,00;0,00;0,00;0,00;0,00;0,00;145000,00
2026-02-05;1;5;1367;1367;86062642240426;80;20276750020;RIEGEL DARIO ANDRES;80;30585569379;1,00;$;;;;;;;;18639,67;88760,33;;;88760,33;0,00;0,00;0,00;18639,67;107400,00
2026-02-05;1;26;657528;657528;86062631989598;80;30637530158;COOPERATIVA FRIGORIFICA LEANDRO N ALEM;80;30585569379;1,00;$;;;;;;;;25337,45;120654,54;;;120654,54;0,00;0,00;3619,64;25337,45;149611,63
2026-02-05;1;5;3758;3758;86062733509314;80;30717241513;DISTRIBUIDORA PARANA SRL;80;30585569379;1,00;$;;;;;;;;85144,24;405448,76;;;405448,76;0,00;0,00;0,00;85144,24;490593,00
2026-02-05;1;4;1110;1110;86062715308560;80;20283378277;KWASZKA ALEXANDER ARIEL;80;30585569379;1,00;$;;;;;;;;25319,15;120567,35;;;120567,35;0,00;0,00;3617,02;25319,15;149503,52
2026-02-05;1;7;10163;10163;86062718483417;80;27313783443;DIEDRICH MARIA LORENA;80;30585569379;1,00;$;;;;;;;;1804,96;8595,04;;;8595,04;0,00;0,00;0,00;1804,96;10400,00
2026-02-05;1;7;246;246;86062723748181;80;20238946124;SALMI RICARDO ESTEBAN;80;30585569379;1,00;$;;;;;;;;16088,41;76611,48;;;76611,48;0,00;0,00;0,00;16088,41;92699,91
2026-02-05;1;2;109;109;86062708676291;80;27331603037;VITKOWSKI SANDRA MABEL;80;30585569379;1,00;$;;;;;;;;1060920,00;5052000,00;;;5052000,00;0,00;0,00;0,00;1060920,00;6112920,00
2026-02-05;1;2;58;58;86062709144767;80;20358401539;KATZ DIEGO GABRIEL;80;30585569379;1,00;$;;;;;;;;1950060,00;9286000,00;;;9286000,00;0,00;0,00;0,00;1950060,00;11236060,00
2026-02-05;1;1;712;712;86062788097474;80;30717640124;TODO BARATO S. R. L.;80;30585569379;1,00;$;;;;;;;;608004,48;2895259,43;;;2895259,43;0,00;0,00;0,00;608004,48;3503264,00
2026-02-06;1;4;60;60;86062814251315;80;20274702630;WEBER MARIANO RAFAEL;80;30585569379;1,00;$;;;;;;;;917280,00;4368000,00;;;4368000,00;0,00;0,00;0,00;917280,00;5285280,00
2026-02-06;1;3;96;96;86062816767963;80;20237439563;WAYER LOTARIO ENRIQUE;80;30585569379;1,00;$;;;;;;;;115500,00;550000,00;;;550000,00;0,00;0,00;0,00;115500,00;665500,00
2026-02-06;11;2;39;39;86062791846370;80;20201206074;STUCKERT JUAN;80;30585569379;1,00;$;0,00;0,00;0,00;0,00;0,00;0,00;0,00;0,00;0,00;0,00;0,00;0,00;0,00;0,00;0,00;0,00;1572000,00
2026-02-07;1;4;99176;99176;86062951680443;80;30711543267;BINDER RULEMANES S.A.;80;30585569379;1,00;$;;;;;;;;381903,99;1818590,42;;;1818590,42;0,00;0,00;0,00;381903,99;2200494,41
2026-02-09;1;9;6257;6257;86063257185562;80;20137617170;DE LIMA RUBEN;80;30585569379;1,00;$;;;;;;;;169835,40;808740,00;;;808740,00;0,00;0,00;26769,29;169835,40;1005344,69
2026-02-09;1;18;98462;98462;86063318667330;80;30603866092;FRIGORIFICO SAN FRANCISCO S.A.I.C. Y A. S. A.;80;30585569379;1,00;$;;;;;;82036,73;781302,17;;;;;781302,17;0,00;0,00;25861,10;82036,73;889200,00
2026-02-09;1;3;1672;1672;86063262942039;80;30708918012;ESTANCIA LA LOMA SRL;80;30585569379;1,00;$;;;;;;;;834057,00;3971700,00;;;3971700,00;0,00;0,00;131463,27;834057,00;4937220,27
2026-02-09;1;2;310;310;86063232857849;80;20163843057;DIELLO ISRAEL;80;30585569379;1,00;$;;;;;;;;617400,00;2940000,00;;;2940000,00;0,00;0,00;0,00;617400,00;3557400,00
2026-02-09;1;3;1674;1674;86063325476152;80;30708918012;ESTANCIA LA LOMA SRL;80;30585569379;1,00;$;;;;;;;;834057,00;3971700,00;;;3971700,00;0,00;0,00;131463,27;834057,00;4937220,27
2026-02-09;3;3;49;49;86063325321809;80;30708918012;ESTANCIA LA LOMA SRL;80;30585569379;1,00;$;;;;;;;;834057,00;3971700,00;;;3971700,00;0,00;0,00;131463,27;834057,00;4937220,27
2026-02-09;81;48;176900;176900;;80;23140632139;SCHOLLES OMAR ALBERTO;80;30585569379;1,00;$;0,00;0,00;0,00;0,00;0,00;0,00;0,00;11510,73;54813,00;0,00;0,00;54813,00;0,00;0,00;0,00;11510,73;77663,00
2026-02-11;1;3;314;314;86063463061713;80;30716028514;LOPUSHANSKYY SRL;80;30585569379;1,00;$;;;;;;;;315000,00;1500000,00;;;1500000,00;0,00;0,00;49650,00;315000,00;1864650,00
2026-02-11;1;3;25273;25273;86063547764302;80;30716024349;DON CAMACHO DISTRIBUCIONES S.R.L;80;30585569379;1,00;$;;;;;;;;14677,58;69893,24;;;69893,24;2198,40;0,00;0,00;14677,58;86769,22
2026-02-11;1;5;1043;1043;86063458062379;80;30510899551;DON ENRIQUE S. C. A.;80;30585569379;1,00;$;;;;;;;;39427,08;187748,00;;;187748,00;0,00;0,00;6214,46;39427,08;233389,54
2026-02-12;1;4;1115;1115;86073671477154;80;20283378277;KWASZKA ALEXANDER ARIEL;80;30585569379;1,00;$;;;;;;;;5607,12;26700,56;;;26700,56;0,00;0,00;0,00;5607,12;32307,68
2026-02-12;1;7;249;249;86073625678276;80;20238946124;SALMI RICARDO ESTEBAN;80;30585569379;1,00;$;;;;;;4323,53;41176,48;13016,52;61983,43;;;103159,91;0,00;0,00;0,00;17340,05;120499,95
2026-02-12;1;2;916;916;86073636905135;80;20297287932;RIOS HUGO DANTE;80;30585569379;1,00;$;;;;;;;;128595,60;612360,00;;;612360,00;0,00;0,00;20269,12;128595,60;761224,72
2026-02-12;11;2;34;34;86073615756063;80;27224418782;LAUMANN NELLI LALI;80;30585569379;1,00;$;0,00;0,00;0,00;0,00;0,00;0,00;0,00;0,00;0,00;0,00;0,00;0,00;0,00;0,00;0,00;0,00;1627200,00
2026-02-12;11;2;35;35;86073738689387;80;27224418782;LAUMANN NELLI LALI;80;30585569379;1,00;$;0,00;0,00;0,00;0,00;0,00;0,00;0,00;0,00;0,00;0,00;0,00;0,00;0,00;0,00;0,00;0,00;1627200,00
2026-02-12;13;2;4;4;86073738584872;80;27224418782;LAUMANN NELLI LALI;80;30585569379;1,00;$;0,00;0,00;0,00;0,00;0,00;0,00;0,00;0,00;0,00;0,00;0,00;0,00;0,00;0,00;0,00;0,00;1627200,00
2026-02-12;81;48;177140;177140;;80;23140632139;SCHOLLES OMAR ALBERTO;80;30585569379;1,00;$;0,00;0,00;0,00;0,00;0,00;0,00;0,00;41167,89;196037,57;0,00;0,00;196037,57;0,00;0,00;0,00;41167,89;286240,00
2026-02-13;1;5;397098;397098;86073811854546;80;30708098031;ECONOR S. R. L.;80;30585569379;1,00;$;;;;;;;;58476,67;278460,34;;;278460,34;0,00;0,00;8353,81;58476,67;345290,82
2026-02-13;1;5;397099;397099;86073811854562;80;30708098031;ECONOR S. R. L.;80;30585569379;1,00;$;;;;;;;;82305,16;391929,35;;;391929,35;0,00;0,00;24730,74;82305,16;498965,25
2026-02-13;1;5;397100;397100;86073811854588;80;30708098031;ECONOR S. R. L.;80;30585569379;1,00;$;;;;;;;;5250,82;25003,92;;;25003,92;0,00;0,00;0,00;5250,82;30254,74
2026-02-13;1;5;397101;397101;86073811854648;80;30708098031;ECONOR S. R. L.;80;30585569379;1,00;$;;;;;;;;1389,17;6615,09;;;6615,09;0,00;0,00;0,00;1389,17;8004,26
2026-02-13;1;5;397102;397102;86073811854708;80;30708098031;ECONOR S. R. L.;80;30585569379;1,00;$;;;;;;;;44849,14;213567,31;;;213567,31;0,00;0,00;6407,02;44849,14;264823,47
2026-02-13;1;4;79;79;86073751808004;80;20304573792;VITKOSKI RUBEN OSCAR;80;30585569379;1,00;$;;;;;;;;646275,00;3077500,00;;;3077500,00;0,00;0,00;0,00;646275,00;3723775,00
2026-02-13;81;48;177192;177192;;80;23140632139;SCHOLLES OMAR ALBERTO;80;30585569379;1,00;$;0,00;0,00;0,00;0,00;0,00;0,00;0,00;18758,36;89325,52;0,00;0,00;89325,52;0,00;0,00;0,00;18758,36;122513,04
2026-02-14;1;231;13233;13233;86073884196439;80;30572365391;PETROVALLE SOCIEDAD ANONIMA;80;30585569379;1,00;$;;;;;;;;1253747,47;5970226,03;;;5970226,03;0,00;0,00;1490049,96;1253747,47;8714023,46
2026-02-15;1;3;1494520;1494520;86074113293000;80;30716370964;ARGENPAY S.A.U.;80;30585569379;1,00;$;;;;;;;;586,93;2794,90;;;2794,90;0,00;0,00;0,00;586,93;3381,83
2026-02-17;1;4;6447;6447;86074219757345;80;20160594749;SANCHEZ MIGUEL;80;30585569379;1,00;$;;;;;;42997,81;409502,95;;;;;409502,95;0,00;0,00;0,00;42997,81;452500,71
2026-02-17;81;48;177408;177408;;80;23140632139;SCHOLLES OMAR ALBERTO;80;30585569379;1,00;$;0,00;0,00;0,00;0,00;0,00;0,00;0,00;12755,14;60738,76;0,00;0,00;60738,76;0,00;0,00;0,00;12755,14;86059,00
2026-02-18;1;106;922760;922760;86063479728967;80;30594494187;FEDERAL EXPRESS CORPORATION;80;30585569379;1,00;$;;;;;;;;;;;;0,00;0,00;1301887,00;0,00;0,00;1301887,00
2026-02-18;1;18;98658;98658;86084426151515;80;30603866092;FRIGORIFICO SAN FRANCISCO S.A.I.C. Y A. S. A.;80;30585569379;1,00;$;;;;;;87074,07;829276,87;;;;;829276,87;0,00;0,00;27449,06;87074,07;943800,00
2026-02-18;81;48;177446;177446;;80;23140632139;SCHOLLES OMAR ALBERTO;80;30585569379;1,00;$;0,00;0,00;0,00;0,00;0,00;0,00;0,00;17017,16;81034,10;0,00;0,00;81034,10;0,00;0,00;0,00;17017,16;111141,01
2026-02-19;1;26;660458;660458;86084422132752;80;30637530158;COOPERATIVA FRIGORIFICA LEANDRO N ALEM;80;30585569379;1,00;$;;;;;;;;48132,39;229201,86;;;229201,86;0,00;0,00;6876,06;48132,39;284210,31
2026-02-19;1;40;113;113;86084494680498;80;30567223899;AUTOVALLE SOCIEDAD ANONIMA;80;30585569379;1,00;$;;;;;;;;52358,92;249328,19;;;249328,19;0,00;0,00;0,00;52358,92;301687,11
2026-02-19;1;2;271;271;86084488187431;80;20131359234;FRANDOVIAK PABLO BENJAMIN;80;30585569379;1,00;$;;;;;;;;786660,00;3746000,00;;;3746000,00;0,00;0,00;0,00;786660,00;4532660,00
2026-02-19;1;7;255;255;86084550629622;80;20238946124;SALMI RICARDO ESTEBAN;80;30585569379;1,00;$;;;;;;;;16574,32;78925,33;;;78925,33;0,00;0,00;0,00;16574,32;95499,67
2026-02-19;11;2;118;118;86084429972634;80;27307530487;OLYNIZACK GLADYS CRISTINA;80;30585569379;1,00;$;0,00;0,00;0,00;0,00;0,00;0,00;0,00;0,00;0,00;0,00;0,00;0,00;0,00;0,00;0,00;0,00;2254000,00
2026-02-19;11;2;119;119;86084494034209;80;20170194714;WIEDNER ARNOLDO;80;30585569379;1,00;$;0,00;0,00;0,00;0,00;0,00;0,00;0,00;0,00;0,00;0,00;0,00;0,00;0,00;0,00;0,00;0,00;3120000,00
2026-02-19;11;3;415;415;86084430871195;80;20237628749;ALMEIDA JOSE MARCELINO;80;30585569379;1,00;$;0,00;0,00;0,00;0,00;0,00;0,00;0,00;0,00;0,00;0,00;0,00;0,00;0,00;0,00;0,00;0,00;305000,00
2026-02-19;81;49;9886;9886;;80;23140632139;SCHOLLES OMAR ALBERTO;80;30585569379;1,00;$;0,00;0,00;0,00;0,00;0,00;0,00;0,00;34338,13;163514,90;0,00;0,00;163514,90;0,00;0,00;0,00;34338,13;228680,00
2026-02-20;1;10;17897;17897;86084573433615;80;20146365206;STADLER JUAN  CARLOS;80;30585569379;1,00;$;;;;;;;;29784,81;141832,44;;;141832,44;0,00;0,00;0,00;29784,81;171617,25
2026-02-20;1;5;317;317;86084647922703;80;20354538815;MACKOW DENYS GABRIEL;80;30585569379;1,00;$;;;;;;;;38181,82;181818,18;;;181818,18;0,00;0,00;0,00;38181,82;220000,00
2026-02-20;1;3;38518;38518;86084574500726;80;30714941999;EL ARTESANO SRL;80;30585569379;1,00;$;;;;;;;;29102,70;138584,25;;;138584,25;0,00;0,00;0,00;29102,70;167686,95
2026-02-20;1;4;1129;1129;86084546855481;80;20283378277;KWASZKA ALEXANDER ARIEL;80;30585569379;1,00;$;;;;;;;;16020,34;76287,34;;;76287,34;0,00;0,00;0,00;16020,34;92307,68
2026-02-20;1;2;69564;69564;86084616596466;80;20169857017;ACOSTA MIGUEL ANGEL;80;30585569379;1,00;$;;;;;;;;78960,81;376003,85;;;376003,85;0,00;0,00;0,00;78960,81;454964,66
2026-02-20;1;2;312;312;86084606333160;80;20163843057;DIELLO ISRAEL;80;30585569379;1,00;$;;;;;;;;396480,00;1888000,00;;;1888000,00;0,00;0,00;0,00;396480,00;2284480,00
2026-02-20;1;6;1483;1483;86084578251437;80;20174630748;DO SANTOS SAMUEL;80;30585569379;1,00;$;;;;;;;;5733,00;27300,00;;;27300,00;0,00;0,00;0,00;5733,00;33033,00
2026-02-20;1;3;91;91;86084550368868;80;20233457338;SOTNIECZUK STASIUK RUBEN ALBERTO;80;30585569379;1,00;$;;;;;;;;1140300,00;5430000,00;;;5430000,00;0,00;0,00;0,00;1140300,00;6570300,00
2026-02-20;1;3;44;44;86085040113841;80;23327980114;RIEGEL ROSANA CARINA;80;30585569379;1,00;$;;;;;;;;374640,00;1784000,00;;;1784000,00;0,00;0,00;0,00;374640,00;2158640,00
2026-02-20;3;4;41;41;86084546900530;80;20283378277;KWASZKA ALEXANDER ARIEL;80;30585569379;1,00;$;;;;;;;;5607,12;26700,56;;;26700,56;0,00;0,00;0,00;5607,12;32307,68
2026-02-20;11;3;9;9;86084551090783;80;20221457103;DIELLO FABIAN CLAUDIO;80;30585569379;1,00;$;0,00;0,00;0,00;0,00;0,00;0,00;0,00;0,00;0,00;0,00;0,00;0,00;0,00;0,00;0,00;0,00;1624000,00
2026-02-20;11;2;38;38;86084636197176;80;20067248997;PAEZ DALMACIO RAMON;80;30585569379;1,00;$;0,00;0,00;0,00;0,00;0,00;0,00;0,00;0,00;0,00;0,00;0,00;0,00;0,00;0,00;0,00;0,00;280000,00
2026-02-20;11;2;39;39;86084636503047;80;20067248997;PAEZ DALMACIO RAMON;80;30585569379;1,00;$;0,00;0,00;0,00;0,00;0,00;0,00;0,00;0,00;0,00;0,00;0,00;0,00;0,00;0,00;0,00;0,00;172640,00
2026-02-21;1;3;25321;25321;86084733994955;80;30716024349;DON CAMACHO DISTRIBUCIONES S.R.L;80;30585569379;1,00;$;;;;;;;;16701,91;79532,91;;;79532,91;2534,40;0,00;0,00;16701,91;98769,22
2026-02-21;1;3950;6317608;6317608;86085105100768;80;30639453738;TELECOM ARGENTINA SOCIEDAD ANONIMA;80;30585569379;1,00;$;;;;;;;;5080,75;24194,05;31,05;115,00;24309,05;0,00;0,00;735,32;5111,80;30156,17
2026-02-21;81;48;177649;177649;;80;23140632139;SCHOLLES OMAR ALBERTO;80;30585569379;1,00;$;0,00;0,00;0,00;0,00;0,00;0,00;0,00;29192,14;139010,19;0,00;0,00;139010,19;0,00;0,00;0,00;29192,14;192900,00
2026-02-22;1;1331;2022733;2022733;86084884444528;80;30663288497;AMX ARGENTINA SOCIEDAD ANONIMA;80;30585569379;1,00;$;;;;;;;;531,83;2532,50;2573,78;9532,50;12065,00;0,00;0,00;863,66;3105,61;16034,27
2026-02-23;1;3;38558;38558;86084981358809;80;30714941999;EL ARTESANO SRL;80;30585569379;1,00;$;;;;;;;;5403,58;25731,34;;;25731,34;0,00;0,00;0,00;5403,58;31134,92
2026-02-23;81;48;177749;177749;;80;23140632139;SCHOLLES OMAR ALBERTO;80;30585569379;1,00;$;0,00;0,00;0,00;0,00;0,00;0,00;0,00;19139,16;91138,86;0,00;0,00;91138,86;0,00;0,00;0,00;19139,16;125000,08
2026-02-24;81;48;177826;177826;;80;23140632139;SCHOLLES OMAR ALBERTO;80;30585569379;1,00;$;0,00;0,00;0,00;0,00;0,00;0,00;0,00;13635,55;64931,19;0,00;0,00;64931,19;0,00;0,00;0,00;13635,55;91999,17
2026-02-24;81;48;177843;177843;;80;23140632139;SCHOLLES OMAR ALBERTO;80;30585569379;1,00;$;0,00;0,00;0,00;0,00;0,00;0,00;0,00;77423,96;368685,52;0,00;0,00;368685,52;0,00;0,00;0,00;77423,96;546963,82
2026-02-25;1;6;5653;5653;86085188546102;80;30716512149;COMPAÑIA ELECTRICA SRL;80;30585569379;1,00;$;;;;;;24148,71;229987,72;110214,83;524832,50;;;754820,22;0,00;0,00;24984,55;134363,54;914168,31
2026-02-25;1;8;1722;1722;86085177390203;80;20187095663;ECHEVARRIA MANUEL;80;30585569379;1,00;$;;;;;;;;8132,71;38727,20;;;38727,20;0,00;0,00;0,00;8132,71;46859,91
2026-02-25;1;4;99502;99502;86085186190460;80;30711543267;BINDER RULEMANES S.A.;80;30585569379;1,00;$;;;;;;;;276329,41;1315854,33;;;1315854,33;0,00;0,00;0,00;276329,41;1592183,74
2026-02-25;1;4;3482;3482;86085250266713;80;33707211429;CELAT SRL;80;30585569379;1,00;$;;;;;;;;15619,84;74380,19;;;74380,19;0,00;0,00;0,00;15619,84;90000,01
2026-02-25;81;47;54689;54689;;80;23140632139;SCHOLLES OMAR ALBERTO;80;30585569379;1,00;$;0,00;0,00;0,00;0,00;0,00;0,00;0,00;12107,62;57655,33;0,00;0,00;57655,33;0,00;0,00;0,00;12107,62;79006,29
2026-02-26;1;4;1304;1304;86095423938426;80;23200048474;ZACARELO PATRICIA BEATRIZ;80;30585569379;1,00;$;;;;;;;;20409,92;97190,08;;;97190,08;0,00;0,00;0,00;20409,92;117600,00
2026-02-26;1;8;25512;25512;86095342805582;80;30709746185;OUTSOURCING RRHH BURO S.R.L.;80;30585569379;1,00;$;;;;;;;;6979,16;33234,08;;;33234,08;0,00;0,00;0,00;6979,16;40213,24
2026-02-26;1;12;24669;24669;86095395701571;80;30710291914;PAPELERA MERCEDES SRL;80;30585569379;1,00;$;;;;;;;;2676,20;12743,80;;;12743,80;0,00;0,00;0,00;2676,20;15420,00
2026-02-26;1;4;1143;1143;86095393835621;80;20283378277;KWASZKA ALEXANDER ARIEL;80;30585569379;1,00;$;;;;;;;;8290,53;39478,70;;;39478,70;0,00;0,00;0,00;8290,53;47769,23
2026-02-26;1;5;2822;2822;86095336013816;80;33575022699;LAS TRES ERRES SRL;80;30585569379;1,00;$;;;;;;;;684300,17;3258572,25;;;3258572,25;0,00;0,00;77630,86;684300,17;4020503,28
2026-02-26;1;6;166;166;86095414697012;80;20328847060;SCHULZ OTTYS EDUARDO;80;30585569379;1,00;$;;;;;;23582,33;224593,65;;;;;224593,65;0,00;0,00;0,00;23582,33;248176,00
2026-02-26;1;7;873567;873567;86095444088432;80;30708169575;ABARCA S.R.L.;80;30585569379;1,00;$;;;;;;;;14317,54;68178,75;;;68178,75;0,00;0,00;0,00;14317,54;82496,29
2026-02-26;1;7;873573;873573;86095444088610;80;30708169575;ABARCA S.R.L.;80;30585569379;1,00;$;;;;;;;;81889,67;389950,82;;;389950,82;0,00;0,00;24605,88;81889,67;496446,37
2026-02-26;1;7;873574;873574;86095444088652;80;30708169575;ABARCA S.R.L.;80;30585569379;1,00;$;;;;;;;;63031,03;300147,76;;;300147,76;0,00;0,00;9004,44;63031,03;372183,23
2026-02-26;1;7;873575;873575;86095444088678;80;30708169575;ABARCA S.R.L.;80;30585569379;1,00;$;;;;;;;;26403,97;125733,20;;;125733,20;0,00;0,00;3771,97;26403,97;155909,14
2026-02-26;1;7;873576;873576;86095444088694;80;30708169575;ABARCA S.R.L.;80;30585569379;1,00;$;;;;;;;;76202,61;362869,55;;;362869,55;0,00;0,00;22897,09;76202,61;461969,25
2026-02-26;1;7;873578;873578;86095444088725;80;30708169575;ABARCA S.R.L.;80;30585569379;1,00;$;;;;;;;;10420,68;49622,27;;;49622,27;0,00;0,00;0,00;10420,68;60042,95
2026-02-26;11;1;53;53;86095360216058;80;20374710045;GLANZEL GERARDO;80;30585569379;1,00;$;0,00;0,00;0,00;0,00;0,00;0,00;0,00;0,00;0,00;0,00;0,00;0,00;0,00;0,00;0,00;0,00;120000,00
2026-02-26;11;1;52;52;86095359310061;80;20374710045;GLANZEL GERARDO;80;30585569379;1,00;$;0,00;0,00;0,00;0,00;0,00;0,00;0,00;0,00;0,00;0,00;0,00;0,00;0,00;0,00;0,00;0,00;550000,00
2026-02-26;81;48;177993;177993;;80;23140632139;SCHOLLES OMAR ALBERTO;80;30585569379;1,00;$;0,00;0,00;0,00;0,00;0,00;0,00;0,00;12132,94;57775,90;0,00;0,00;57775,90;0,00;0,00;0,00;12132,94;81861,00
2026-02-27;1;5;397927;397927;86095531894608;80;30708098031;ECONOR S. R. L.;80;30585569379;1,00;$;;;;;;;;36978,41;176087,65;;;176087,65;0,00;0,00;5282,63;36978,41;218348,69
2026-02-27;1;5;397938;397938;86095531895154;80;30708098031;ECONOR S. R. L.;80;30585569379;1,00;$;;;;;;;;120237,41;572559,08;;;572559,08;0,00;0,00;36128,48;120237,41;728924,97
2026-02-27;1;5;1859;1859;86095541904713;80;23317899459;LABANDOCZKA ORLANDO FABIAN;80;30585569379;1,00;$;;;;;;;;13747,21;65462,93;;;65462,93;0,00;0,00;0,00;13747,21;79210,14
2026-02-27;1;4;99643;99643;86095552197519;80;30711543267;BINDER RULEMANES S.A.;80;30585569379;1,00;$;;;;;;;;426748,35;2032135,02;;;2032135,02;0,00;0,00;0,00;426748,35;2458883,37
2026-02-27;1;5;1850;1850;86095469275406;80;23317899459;LABANDOCZKA ORLANDO FABIAN;80;30585569379;1,00;$;;;;;;;;8226,42;39173,40;;;39173,40;0,00;0,00;0,00;8226,42;47399,82
2026-02-27;1;18;98942;98942;86095677320658;80;30603866092;FRIGORIFICO SAN FRANCISCO S.A.I.C. Y A. S. A.;80;30585569379;1,00;$;;;;;;68114,84;648712,77;;;;;648712,77;0,00;0,00;21472,39;68114,84;738300,00
2026-02-27;81;9;48191;48191;;80;27290747436;LABANDOCZKA SILVIA MARIANA;80;30585569379;1,00;$;0,00;0,00;0,00;0,00;0,00;0,00;0,00;9072,70;43203,33;0,00;0,00;43203,33;0,00;0,00;0,00;9072,70;61470,00
2026-02-28;1;3;1505430;1505430;86095805177194;80;30716370964;ARGENPAY S.A.U.;80;30585569379;1,00;$;;;;;;;;47,25;225,00;;;225,00;0,00;0,00;0,00;47,25;272,25
2026-03-01;1;10;130;130;86096202397624;80;23166972329;WEGNER EDVINO;80;30585569379;1,00;$;;;;;;;;149145,09;710214,71;;;710214,71;0,00;0,00;0,00;149145,09;859359,74
2026-03-02;1;3;2298;2298;86095946603453;80;33717137219;FULL PLAY SERVICIOS S.R.L.;80;30585569379;1,00;$;;;;;;;;3297,52;15702,48;;;15702,48;0,00;0,00;0,00;3297,52;19000,00
2026-03-02;1;106;926981;926981;86085058903944;80;30594494187;FEDERAL EXPRESS CORPORATION;80;30585569379;1,00;$;;;;;;;;;;;;0,00;0,00;202253,61;0,00;0,00;202253,61
2026-03-02;1;9;2465;2465;86095870926958;80;33683265689;GAMPEL COMUNICACIONES SRL;80;30585569379;1,00;$;;;;;;;;12116,79;57699,00;;;57699,00;0,00;0,00;0,00;12116,79;69815,79
2026-03-02;1;18;99018;99018;86096079552808;80;30603866092;FRIGORIFICO SAN FRANCISCO S.A.I.C. Y A. S. A.;80;30585569379;1,00;$;;;;;;87830,60;836481,86;;;;;836481,86;0,00;0,00;27687,55;87830,60;952000,01
2026-03-02;1;51;14209;14209;86096065055734;80;30707530207;BOSCO  S. A.;80;30585569379;1,00;$;;;;;;;;5553,72;26446,28;;;26446,28;0,00;0,00;0,00;5553,72;32000,00
2026-03-02;11;1;54;54;86095949596742;80;20374710045;GLANZEL GERARDO;80;30585569379;1,00;$;0,00;0,00;0,00;0,00;0,00;0,00;0,00;0,00;0,00;0,00;0,00;0,00;0,00;0,00;0,00;0,00;110000,00
2026-03-02;11;2;78;78;86095905321670;80;20416171301;DA VEGA ESTEBAN EDUARDO;80;30585569379;1,00;$;0,00;0,00;0,00;0,00;0,00;0,00;0,00;0,00;0,00;0,00;0,00;0,00;0,00;0,00;0,00;0,00;697900,00
2026-03-02;11;2;79;79;86095906252616;80;20416171301;DA VEGA ESTEBAN EDUARDO;80;30585569379;1,00;$;0,00;0,00;0,00;0,00;0,00;0,00;0,00;0,00;0,00;0,00;0,00;0,00;0,00;0,00;0,00;0,00;505100,00
2026-03-02;11;2;80;80;86095906719145;80;20416171301;DA VEGA ESTEBAN EDUARDO;80;30585569379;1,00;$;0,00;0,00;0,00;0,00;0,00;0,00;0,00;0,00;0,00;0,00;0,00;0,00;0,00;0,00;0,00;0,00;202200,00
2026-03-02;17;5;1576482;1576482;37080006193407;80;30545836900;ELECTRICIDAD DE MISIONES S. A.;;;1,00;$;0,00;0,00;0,00;0,00;0,00;0,00;0,00;15988,04;76133,52;0,00;0,00;76133,52;0,00;0,00;2935,16;15988,04;48995,92
2026-03-02;81;48;178241;178241;;80;23140632139;SCHOLLES OMAR ALBERTO;80;30585569379;1,00;$;0,00;0,00;0,00;0,00;0,00;0,00;0,00;17842,33;84963,48;0,00;0,00;84963,48;0,00;0,00;0,00;17842,33;116530,30
2026-03-03;1;10;2037;2037;86096028739933;80;20298747031;DIEDRICH DARIO HERNAN;80;30585569379;1,00;$;;;;;;;;14092,56;67107,44;;;67107,44;0,00;0,00;0,00;14092,56;81200,00
2026-03-03;1;4;6471;6471;86096089600691;80;20160594749;SANCHEZ MIGUEL;80;30585569379;1,00;$;;;;;;39244,41;373756,29;;;;;373756,29;0,00;0,00;0,00;39244,41;413000,61
2026-03-03;3;4;4655;4655;86096097086812;80;30711543267;BINDER RULEMANES S.A.;80;30585569379;1,00;$;;;;;;;;156552,86;745489,80;;;745489,80;0,00;0,00;0,00;156552,86;902042,66
2026-03-03;11;6;157;157;86096031756840;80;20169444995;CHAVES ROSSBERG LUIS ARIEL;80;30585569379;1,00;$;0,00;0,00;0,00;0,00;0,00;0,00;0,00;0,00;0,00;0,00;0,00;0,00;0,00;0,00;0,00;0,00;50000,00
2026-03-04;1;3;17302;17302;86096181932725;80;30710603851;U & G S. R. L.;80;30585569379;1,00;$;;;;;;;;203889,22;970901,03;;;970901,03;0,00;0,00;32136,82;203889,22;1206927,07
2026-03-04;1;16;38782;38782;86096198504251;80;30711740712;AGUAS MISIONERAS SOCIEDAD DEL ESTADO;80;30585569379;1,00;$;;;;;;;;826,58;3936,11;;;3936,11;0,00;0,00;0,00;826,58;4762,69
2026-03-04;1;3;25380;25380;86096242762681;80;30716024349;DON CAMACHO DISTRIBUCIONES S.R.L;80;30585569379;1,00;$;;;;;;;;20415,78;97218,02;;;97218,02;1120,00;0,00;0,00;20415,78;118753,80
2026-03-04;1;4;2338;2338;86096181173971;80;20120535103;BARRIOS JULIO CESAR;80;30585569379;1,00;$;;;;;;;;42210,00;201000,00;;;201000,00;0,00;0,00;0,00;42210,00;243210,00
2026-03-04;1;4;12699;12699;86096200336241;80;20315709467;BATISTA GERARDO ARIEL;80;30585569379;1,00;$;;;;;;;;14404,96;68595,04;;;68595,04;0,00;0,00;0,00;14404,96;83000,00
2026-03-04;1;122;16100;16100;86106684027031;80;30707811516;TOURNE & TOURNE S.A.;80;30585569379;1,00;$;;;;;;41572,40;395927,63;290057,11;1381224,35;;;1777151,98;0,00;0,00;45718,52;331629,51;2154500,01
2026-03-04;1;4;111;111;86096268170076;80;20242367546;PEREIRA RUBEN ANIBAL;80;30585569379;1,00;$;;;;;;;;71400,00;340000,00;;;340000,00;0,00;0,00;0,00;71400,00;411400,00
2026-03-04;1;2;2339;2339;86106414931693;80;20221456441;ZIMMERMANN CARLOS ALBERTO;80;30585569379;1,00;$;;;;;;;;11340,00;54000,00;;;54000,00;0,00;0,00;0,00;11340,00;65340,00
2026-03-04;81;48;178384;178384;;80;23140632139;SCHOLLES OMAR ALBERTO;80;30585569379;1,00;$;0,00;0,00;0,00;0,00;0,00;0,00;0,00;14821,47;70578,43;0,00;0,00;70578,43;0,00;0,00;0,00;14821,47;100000,56
2026-03-05;1;26;663552;663552;86106318362332;80;30637530158;COOPERATIVA FRIGORIFICA LEANDRO N ALEM;80;30585569379;1,00;$;;;;;;;;62576,38;297982,77;;;297982,77;0,00;0,00;8939,48;62576,38;369498,63
2026-03-05;1;4;48300;48300;86106378780334;80;30644416417;GASATEX S.A.;80;30585569379;1,00;$;;;;;;;;260030,40;1238240,00;;;1238240,00;0,00;0,00;40985,74;260030,40;1539256,14
2026-03-05;1;5;1053;1053;86106320553043;80;30510899551;DON ENRIQUE S. C. A.;80;30585569379;1,00;$;;;;;;;;39427,08;187748,00;;;187748,00;0,00;0,00;6214,46;39427,08;233389,54
2026-03-05;1;2;59;59;86106403043055;80;20358401539;KATZ DIEGO GABRIEL;80;30585569379;1,00;$;;;;;;;;165900,00;790000,00;;;790000,00;0,00;0,00;0,00;165900,00;955900,00
2026-03-05;1;7;264;264;86106437860244;80;20238946124;SALMI RICARDO ESTEBAN;80;30585569379;1,00;$;;;;;;;;45916,07;218647,95;;;218647,95;0,00;0,00;0,00;45916,07;264564,03
2026-03-05;11;3;433;433;86106443947992;80;20245770481;LEMHOFER ERNESTO GERARDO;80;30585569379;1,00;$;0,00;0,00;0,00;0,00;0,00;0,00;0,00;0,00;0,00;0,00;0,00;0,00;0,00;0,00;0,00;0,00;145000,00
2026-03-05;11;1;81;81;86106390585997;80;20373250717;VALDEZ JOAQUIN;80;30585569379;1,00;$;0,00;0,00;0,00;0,00;0,00;0,00;0,00;0,00;0,00;0,00;0,00;0,00;0,00;0,00;0,00;0,00;48500,00
2026-03-05;81;48;178463;178463;;80;23140632139;SCHOLLES OMAR ALBERTO;80;30585569379;1,00;$;0,00;0,00;0,00;0,00;0,00;0,00;0,00;5250,12;25000,57;0,00;0,00;25000,57;0,00;0,00;0,00;5250,12;36380,00
2026-03-06;1;18;99141;99141;86106691471043;80;30603866092;FRIGORIFICO SAN FRANCISCO S.A.I.C. Y A. S. A.;80;30585569379;1,00;$;;;;;;72746,24;692821,37;;;;;692821,37;0,00;0,00;22932,39;72746,24;788500,00
2026-03-06;1;4;84;84;86106555872380;80;20304573792;VITKOSKI RUBEN OSCAR;80;30585569379;1,00;$;;;;;;;;388500,00;1850000,00;;;1850000,00;0,00;0,00;0,00;388500,00;2238500,00
2026-03-06;1;3;1195;1195;86106576878497;80;20235767970;KRAPP LUIS ELIAS;80;30585569379;1,00;$;;;;;;;;91938,00;437800,00;;;437800,00;0,00;0,00;0,00;91938,00;529738,00
2026-03-06;11;1;50;50;86106585320964;80;20208846850;FIGUEREDO HECTOR;80;30585569379;1,00;$;0,00;0,00;0,00;0,00;0,00;0,00;0,00;0,00;0,00;0,00;0,00;0,00;0,00;0,00;0,00;0,00;728000,00
2026-03-06;11;3;47;47;86106505847284;80;27144226998;YENKALA LIDIA;80;30585569379;1,00;$;0,00;0,00;0,00;0,00;0,00;0,00;0,00;0,00;0,00;0,00;0,00;0,00;0,00;0,00;0,00;0,00;2249000,00
2026-03-06;81;48;178536;178536;;80;23140632139;SCHOLLES OMAR ALBERTO;80;30585569379;1,00;$;0,00;0,00;0,00;0,00;0,00;0,00;0,00;12843,14;61157,81;0,00;0,00;61157,81;0,00;0,00;0,00;12843,14;83880,00
2026-03-06;81;48;178581;178581;;80;23140632139;SCHOLLES OMAR ALBERTO;80;30585569379;1,00;$;0,00;0,00;0,00;0,00;0,00;0,00;0,00;12444,04;59257,33;0,00;0,00;59257,33;0,00;0,00;0,00;12444,04;83960,00
2026-03-07;3;4;14;14;86106953636308;80;23200048474;ZACARELO PATRICIA BEATRIZ;80;30585569379;1,00;$;;;;;;;;20409,92;97190,08;;;97190,08;0,00;0,00;0,00;20409,92;117600,00
2026-03-07;11;5;147;147;86106660491140;80;20145130116;ARENHARDT NELSON BERNARDO;80;30585569379;1,00;$;0,00;0,00;0,00;0,00;0,00;0,00;0,00;0,00;0,00;0,00;0,00;0,00;0,00;0,00;0,00;0,00;271745,00
2026-03-09;1;7;896;896;86106928848056;80;30710993366;PODIL SA;80;30585569379;1,00;$;;;;;;;;18393,22;87586,78;;;87586,78;0,00;0,00;0,00;18393,22;105980,00
2026-03-09;1;3;25523;25523;86106882180653;80;30712244956;TODO SOL S.R.L.;80;30585569379;1,00;$;;;;;;;;97849,15;465948,35;;;465948,35;0,00;0,00;15422,89;97849,15;579220,39
2026-03-09;1;1;552;552;86106963028821;80;27381878754;MARKENDORF MICAELA;80;30585569379;1,00;$;;;;;;;;47390,64;225669,71;;;225669,71;0,00;0,00;0,00;47390,64;273060,36
2026-03-09;81;48;178758;178758;;80;23140632139;SCHOLLES OMAR ALBERTO;80;30585569379;1,00;$;0,00;0,00;0,00;0,00;0,00;0,00;0,00;12911,03;61481,10;0,00;0,00;61481,10;0,00;0,00;0,00;12911,03;85000,03
2026-03-09;81;48;178761;178761;;80;23140632139;SCHOLLES OMAR ALBERTO;80;30585569379;1,00;$;0,00;0,00;0,00;0,00;0,00;0,00;0,00;11510,73;54813,00;0,00;0,00;54813,00;0,00;0,00;0,00;11510,73;77663,00
2026-03-10;1;2;3481;3481;86107033722033;80;20228706729;ROSSNAGEL DANIEL RUBEN;80;30585569379;1,00;$;;;;;;;;109830,00;523000,00;;;523000,00;0,00;0,00;17311,30;109830,00;650141,30
2026-03-10;1;8;148;148;86107106776178;80;20288260258;FICHTNER CARLOS RAFAEL;80;30585569379;1,00;$;;;;;;;;420000,00;2000000,00;;;2000000,00;0,00;0,00;0,00;420000,00;2420000,00
2026-03-10;11;3;435;435;86107128437767;80;20245770481;LEMHOFER ERNESTO GERARDO;80;30585569379;1,00;$;0,00;0,00;0,00;0,00;0,00;0,00;0,00;0,00;0,00;0,00;0,00;0,00;0,00;0,00;0,00;0,00;145000,00
2026-03-10;13;3;5;5;86107130251139;80;20245770481;LEMHOFER ERNESTO GERARDO;80;30585569379;1,00;$;0,00;0,00;0,00;0,00;0,00;0,00;0,00;0,00;0,00;0,00;0,00;0,00;0,00;0,00;0,00;0,00;145000,00
2026-03-10;81;48;178808;178808;;80;23140632139;SCHOLLES OMAR ALBERTO;80;30585569379;1,00;$;0,00;0,00;0,00;0,00;0,00;0,00;0,00;17995,69;85693,76;0,00;0,00;85693,76;0,00;0,00;0,00;17995,69;116999,53
2026-03-11;1;18;99285;99285;86117364910041;80;30603866092;FRIGORIFICO SAN FRANCISCO S.A.I.C. Y A. S. A.;80;30585569379;1,00;$;;;;;;77719,01;740181,00;;;;;740181,00;0,00;0,00;24499,99;77719,01;842400,00
2026-03-11;11;3;417;417;86107177457631;80;20237628749;ALMEIDA JOSE MARCELINO;80;30585569379;1,00;$;0,00;0,00;0,00;0,00;0,00;0,00;0,00;0,00;0,00;0,00;0,00;0,00;0,00;0,00;0,00;0,00;520000,00
2026-03-11;11;3;324;324;86107217399336;80;20112889311;KUMMRITZ HELMUTH OTTO;80;30585569379;1,00;$;0,00;0,00;0,00;0,00;0,00;0,00;0,00;0,00;0,00;0,00;0,00;0,00;0,00;0,00;0,00;0,00;166668,00
2026-03-11;81;48;178898;178898;;80;23140632139;SCHOLLES OMAR ALBERTO;80;30585569379;1,00;$;0,00;0,00;0,00;0,00;0,00;0,00;0,00;26713,71;127208,14;0,00;0,00;127208,14;0,00;0,00;0,00;26713,71;173680,00
2026-03-12;1;5;1410;1410;86117388590229;80;20276750020;RIEGEL DARIO ANDRES;80;30585569379;1,00;$;;;;;;;;23308,26;110991,74;;;110991,74;0,00;0,00;0,00;23308,26;134300,00
2026-03-12;1;102;763025;763025;86095320701165;80;30546504286;EMPRESA CENTRAL ARGENTINO S.A.;80;30585569379;1,00;$;;;;;;;;7688,92;36613,92;;;36613,92;0,00;0,00;0,00;7688,92;44302,84
2026-03-12;81;48;178969;178969;;80;23140632139;SCHOLLES OMAR ALBERTO;80;30585569379;1,00;$;0,00;0,00;0,00;0,00;0,00;0,00;0,00;82942,97;394966,52;0,00;0,00;394966,52;0,00;0,00;0,00;82942,97;579633,72
2026-03-13;1;5;398829;398829;86117518460823;80;30708098031;ECONOR S. R. L.;80;30585569379;1,00;$;;;;;;;;76616,17;364838,91;;;364838,91;0,00;0,00;10945,17;76616,17;452400,25
2026-03-13;1;5;398830;398830;86117518460970;80;30708098031;ECONOR S. R. L.;80;30585569379;1,00;$;;;;;;;;4642,34;22106,36;;;22106,36;0,00;0,00;0,00;4642,34;26748,70
2026-03-13;1;5;398831;398831;86117518461175;80;30708098031;ECONOR S. R. L.;80;30585569379;1,00;$;;;;;;;;109961,59;523626,63;;;523626,63;0,00;0,00;33040,84;109961,59;666629,06
2026-03-13;1;5;398832;398832;86117518461277;80;30708098031;ECONOR S. R. L.;80;30585569379;1,00;$;;;;;;;;62903,93;299542,50;;;299542,50;0,00;0,00;8986,28;62903,93;371432,71
2026-03-13;1;5;42102;42102;86117447526010;80;30711527156;HUXLEY S.A.;80;30585569379;1,00;$;;;;;;;;59727,15;284415,00;;;284415,00;0,00;0,00;0,00;59727,15;344142,15
2026-03-13;11;3;418;418;86117475673282;80;20237628749;ALMEIDA JOSE MARCELINO;80;30585569379;1,00;$;0,00;0,00;0,00;0,00;0,00;0,00;0,00;0,00;0,00;0,00;0,00;0,00;0,00;0,00;0,00;0,00;264000,00
2026-03-13;81;48;179047;179047;;80;23140632139;SCHOLLES OMAR ALBERTO;80;30585569379;1,00;$;0,00;0,00;0,00;0,00;0,00;0,00;0,00;16969,88;80808,95;0,00;0,00;80808,95;0,00;0,00;0,00;16969,88;113999,29
2026-03-15;1;3;1516089;1516089;86117885595302;80;30716370964;ARGENPAY S.A.U.;80;30585569379;1,00;$;;;;;;;;510,30;2430,00;;;2430,00;0,00;0,00;0,00;510,30;2940,30
2026-03-16;1;5;36854;36854;86117861882659;80;30709802999;DON GUILLERMO SRL;80;30585569379;1,00;$;;;;;;;;99664,06;474590,76;;;474590,76;0,00;0,00;15708,95;99664,06;589963,77
2026-03-16;1;7;29152;29152;86117890239213;80;30711486670;DEL LIBANO S.R.L.;80;30585569379;1,00;$;;;;;;;;71585,33;340882,50;;;340882,50;0,00;0,00;11283,21;71585,33;423751,02
2026-03-17;1;5;349;349;86118016673832;80;20354538815;MACKOW DENYS GABRIEL;80;30585569379;1,00;$;;;;;;;;70305,13;334786,33;;;334786,33;0,00;0,00;0,00;70305,13;405091,46
2026-03-17;1;106;930836;930836;86107187213296;80;30594494187;FEDERAL EXPRESS CORPORATION;80;30585569379;1,00;$;;;;;;;;;;;;0,00;0,00;402349,52;0,00;0,00;402349,52
2026-03-17;1;21;20448;20448;86117959733854;80;30562924112;EXPRESO SINGER SOCIEDAD ANONIMA DE TRANSPORTE;80;30585569379;1,00;$;;;;;;;;4050,40;19287,60;;;19287,60;0,00;0,00;0,00;4050,40;23338,00
2026-03-17;81;48;179365;179365;;80;23140632139;SCHOLLES OMAR ALBERTO;80;30585569379;1,00;$;0,00;0,00;0,00;0,00;0,00;0,00;0,00;14624,34;69639,71;0,00;0,00;69639,71;0,00;0,00;0,00;14624,34;98055,00
2026-03-18;1;3;8476;8476;86118127614005;80;30711876428;RECTITRES S.R.L.;80;30585569379;1,00;$;;;;;;;;135076,86;643223,14;;;643223,14;0,00;0,00;0,00;135076,86;778300,00
2026-03-18;1;7;268;268;86118157983344;80;20238946124;SALMI RICARDO ESTEBAN;80;30585569379;1,00;$;;;;;;;;10916,52;51983,43;;;51983,43;0,00;0,00;0,00;10916,52;62899,93
2026-03-19;1;4;1157;1157;86128291043214;80;20283378277;KWASZKA ALEXANDER ARIEL;80;30585569379;1,00;$;;;;;;;;19918,62;94850,60;;;94850,60;0,00;0,00;0,00;19918,62;114769,22
2026-03-19;1;8;210237;210237;86128215879052;80;30707851895;TRANSPORTE GARAY S.A.;80;30585569379;1,00;$;;;;;;;;1426020,12;6790572,00;;;6790572,00;0,00;0,00;224767,93;1426020,12;8441360,05
2026-03-19;1;2;313;313;86128271149186;80;20163843057;DIELLO ISRAEL;80;30585569379;1,00;$;;;;;;;;438606,21;2088601,00;;;2088601,00;0,00;0,00;0,00;438606,21;2527207,21
2026-03-19;1;3;97;97;86128299769564;80;20237439563;WAYER LOTARIO ENRIQUE;80;30585569379;1,00;$;;;;;;;;632520,00;3012000,00;;;3012000,00;0,00;0,00;0,00;632520,00;3644520,00
2026-03-19;1;14;739229;739229;86128217395360;80;30678196165;TERMINAL 4  S A;80;30585569379;1,00;$;;;;;;;;542298,75;2582375,00;;;2582375,00;0,00;0,00;0,00;542298,75;3124673,75
2026-03-19;11;1;56;56;86128295496222;80;20374710045;GLANZEL GERARDO;80;30585569379;1,00;$;0,00;0,00;0,00;0,00;0,00;0,00;0,00;0,00;0,00;0,00;0,00;0,00;0,00;0,00;0,00;0,00;130000,00
2026-03-19;11;2;16;16;86128212325275;80;23134714859;ZAPAJA JUAN CARLOS;80;30585569379;1,00;$;0,00;0,00;0,00;0,00;0,00;0,00;0,00;0,00;0,00;0,00;0,00;0,00;0,00;0,00;0,00;0,00;1344000,00
2026-03-19;11;2;42;42;86128299305035;80;20178546903;ERMANTRAUT ARMINDO;80;30585569379;1,00;$;0,00;0,00;0,00;0,00;0,00;0,00;0,00;0,00;0,00;0,00;0,00;0,00;0,00;0,00;0,00;0,00;471600,00
2026-03-19;11;3;45;45;86128285706797;80;20116851238;ARNDT MANUEL VICTOR;80;30585569379;1,00;$;0,00;0,00;0,00;0,00;0,00;0,00;0,00;0,00;0,00;0,00;0,00;0,00;0,00;0,00;0,00;0,00;332400,00
2026-03-19;81;48;179513;179513;;80;23140632139;SCHOLLES OMAR ALBERTO;80;30585569379;1,00;$;0,00;0,00;0,00;0,00;0,00;0,00;0,00;23581,91;112294,81;0,00;0,00;112294,81;0,00;0,00;0,00;23581,91;152999,00
2026-03-20;1;4;30845;30845;86128377365404;80;30710073909;PAPEL Y CARTON SRL;80;30585569379;1,00;$;;;;;;;;47662,76;226965,50;;;226965,50;0,00;0,00;0,00;47662,76;274628,26
2026-03-20;1;18;99584;99584;86128504237895;80;30603866092;FRIGORIFICO SAN FRANCISCO S.A.I.C. Y A. S. A.;80;30585569379;1,00;$;;;;;;72404,89;689570,34;;;;;689570,34;0,00;0,00;22824,78;72404,89;784800,01
2026-03-20;1;3;99;99;86128355624735;80;20237439563;WAYER LOTARIO ENRIQUE;80;30585569379;1,00;$;;;;;;;;155400,00;740000,00;;;740000,00;0,00;0,00;0,00;155400,00;895400,00
2026-03-20;1;4;88;88;86128422509505;80;20304573792;VITKOSKI RUBEN OSCAR;80;30585569379;1,00;$;;;;;;;;807324,00;3844400,00;;;3844400,00;0,00;0,00;0,00;807324,00;4651724,00
2026-03-20;1;3;202;202;86128420892818;80;20347337561;KATTZ CRISTIAN MARIANO;80;30585569379;1,00;$;;;;;;;;401520,00;1912000,00;;;1912000,00;0,00;0,00;0,00;401520,00;2313520,00
2026-03-20;1;3;98;98;86128354388887;80;20237439563;WAYER LOTARIO ENRIQUE;80;30585569379;1,00;$;;;;;;;;477120,00;2272000,00;;;2272000,00;0,00;0,00;0,00;477120,00;2749120,00
2026-03-20;1;2;60;60;86128421508215;80;20358401539;KATZ DIEGO GABRIEL;80;30585569379;1,00;$;;;;;;;;808710,00;3851000,00;;;3851000,00;0,00;0,00;0,00;808710,00;4659710,00
2026-03-20;1;3;46;46;86128360705672;80;23327980114;RIEGEL ROSANA CARINA;80;30585569379;1,00;$;;;;;;;;488040,00;2324000,00;;;2324000,00;0,00;0,00;0,00;488040,00;2812040,00
2026-03-20;1;2;314;314;86128343993996;80;20163843057;DIELLO ISRAEL;80;30585569379;1,00;$;;;;;;;;258300,00;1230000,00;;;1230000,00;0,00;0,00;0,00;258300,00;1488300,00
2026-03-20;3;3;3;3;86128353962085;80;20237439563;WAYER LOTARIO ENRIQUE;80;30585569379;1,00;$;;;;;;;;632520,00;3012000,00;;;3012000,00;0,00;0,00;0,00;632520,00;3644520,00
2026-03-20;11;1;57;57;86128352638420;80;20374710045;GLANZEL GERARDO;80;30585569379;1,00;$;0,00;0,00;0,00;0,00;0,00;0,00;0,00;0,00;0,00;0,00;0,00;0,00;0,00;0,00;0,00;0,00;45000,00
2026-03-20;11;1;58;58;86128358927208;80;20374710045;GLANZEL GERARDO;80;30585569379;1,00;$;0,00;0,00;0,00;0,00;0,00;0,00;0,00;0,00;0,00;0,00;0,00;0,00;0,00;0,00;0,00;0,00;135000,00
2026-03-20;81;48;179623;179623;;80;23140632139;SCHOLLES OMAR ALBERTO;80;30585569379;1,00;$;0,00;0,00;0,00;0,00;0,00;0,00;0,00;13855,95;65980,71;0,00;0,00;65980,71;0,00;0,00;0,00;13855,95;93029,00
2026-03-21;1;3;25496;25496;86128535786141;80;30716024349;DON CAMACHO DISTRIBUCIONES S.R.L;80;30585569379;1,00;$;;;;;;;;17467,66;83179,33;;;83179,33;2737,60;0,00;0,00;17467,66;103384,59
2026-03-21;1;3950;6598639;6598639;86128615946590;80;30639453738;TELECOM ARGENTINA SOCIEDAD ANONIMA;80;30585569379;1,00;$;;;;;;;;5258,30;25039,50;31,05;115,00;25154,50;0,00;0,00;754,64;5289,35;31198,48
2026-03-22;1;1331;2192388;2192388;86128678453250;80;30663288497;AMX ARGENTINA SOCIEDAD ANONIMA;80;30585569379;1,00;$;;;;;;;;582,23;2772,50;2638,58;9772,50;12545,00;0,00;0,00;376,35;3220,81;16142,16
2026-03-23;11;3;1;1;86128691355839;80;27242368350;CARBALLO SANDRA PAOLA;80;30585569379;1,00;$;0,00;0,00;0,00;0,00;0,00;0,00;0,00;0,00;0,00;0,00;0,00;0,00;0,00;0,00;36782,38;0,00;1148032,38
2026-03-23;11;3;2;2;86128755711740;80;27242368350;CARBALLO SANDRA PAOLA;80;30585569379;1,00;$;0,00;0,00;0,00;0,00;0,00;0,00;0,00;0,00;0,00;0,00;0,00;0,00;0,00;0,00;36782,38;0,00;1148032,38
2026-03-23;13;3;1;1;86128695141400;80;27242368350;CARBALLO SANDRA PAOLA;80;30585569379;1,00;$;0,00;0,00;0,00;0,00;0,00;0,00;0,00;0,00;0,00;0,00;0,00;0,00;0,00;0,00;36782,38;0,00;1148032,38
2026-03-24;1;5;2047;2047;86128822064101;80;30717455734;WAGNER & LITZ S. R. L.;80;30585569379;1,00;$;;;;;;;;1737,79;8275,21;;;8275,21;0,00;0,00;0,00;1737,79;10013,00
2026-03-24;1;4;100207;100207;86128855582307;80;30711543267;BINDER RULEMANES S.A.;80;30585569379;1,00;$;;;;;;;;235788,32;1122801,51;;;1122801,51;0,00;0,00;0,00;235788,32;1358589,83
2026-03-24;1;8;26308;26308;86139218903292;80;30709746185;OUTSOURCING RRHH BURO S.R.L.;80;30585569379;1,00;$;;;;;;;;7744,38;36878,00;;;36878,00;0,00;0,00;0,00;7744,38;44622,38
2026-03-24;1;4;6521;6521;86128840730197;80;20160594749;SANCHEZ MIGUEL;80;30585569379;1,00;$;;;;;;35158,46;334842,48;;;;;334842,48;0,00;0,00;0,00;35158,46;370001,01
2026-03-24;1;2;835;835;86128865482656;80;27138759275;MOUNIER MARIA BLONDINA;80;30585569379;1,00;$;;;;;;;;205800,00;980000,00;;;980000,00;0,00;0,00;0,00;205800,00;1185800,00
2026-03-24;1;2;836;836;86128866256289;80;27138759275;MOUNIER MARIA BLONDINA;80;30585569379;1,00;$;;;;;;;;274050,00;1305000,00;;;1305000,00;0,00;0,00;0,00;274050,00;1579050,00
2026-03-25;1;17;970;970;86128950009074;80;30715045970;MAS DISTRIBUCIONES S.R.L.;80;30585569379;1,00;$;;;;;;;;2249,26;10710,74;;;10710,74;0,00;0,00;0,00;2249,26;12960,00
2026-03-25;81;48;179999;179999;;80;23140632139;SCHOLLES OMAR ALBERTO;80;30585569379;1,00;$;0,00;0,00;0,00;0,00;0,00;0,00;0,00;70752,97;336918,90;0,00;0,00;336918,90;0,00;0,00;0,00;70752,97;459800,00
2026-03-26;1;26;668245;668245;86139026667845;80;30637530158;COOPERATIVA FRIGORIFICA LEANDRO N ALEM;80;30585569379;1,00;$;;;;;;;;35620,87;169623,17;;;169623,17;0,00;0,00;5088,70;35620,87;210332,74
2026-03-26;1;9009;140;140;86107154304395;80;30643922157;VIA BARILOCHE SOCIEDAD ANONIMA;80;30585569379;1,00;$;;;;;;;;8504,13;40495,86;;;40495,86;0,00;0,00;0,00;8504,13;48999,99
2026-03-26;1;3;31646;31646;86139054379818;80;23282560119;GUASTAVINO JOSE AUGUSTO;80;30585569379;1,00;$;;;;;;;;1301,65;6198,33;;;6198,33;0,00;0,00;0,00;1301,65;7500,00
2026-03-26;1;7;269;269;86139121643878;80;20238946124;SALMI RICARDO ESTEBAN;80;30585569379;1,00;$;;;;;;;;14092,51;67107,19;;;67107,19;0,00;0,00;0,00;14092,51;81199,67
2026-03-26;11;3;3;3;86139057846827;80;27242368350;CARBALLO SANDRA PAOLA;80;30585569379;1,00;$;0,00;0,00;0,00;0,00;0,00;0,00;0,00;0,00;0,00;0,00;0,00;0,00;0,00;0,00;0,00;0,00;1128000,00
2026-03-26;13;3;2;2;86139048438044;80;27242368350;CARBALLO SANDRA PAOLA;80;30585569379;1,00;$;0,00;0,00;0,00;0,00;0,00;0,00;0,00;0,00;0,00;0,00;0,00;0,00;0,00;0,00;36782,38;0,00;1148032,38
2026-03-27;1;5;399643;399643;86139234727901;80;30708098031;ECONOR S. R. L.;80;30585569379;1,00;$;;;;;;;;66272,93;315585,37;;;315585,37;0,00;0,00;9467,56;66272,93;391325,86
2026-03-27;1;5;399650;399650;86139234728266;80;30708098031;ECONOR S. R. L.;80;30585569379;1,00;$;;;;;;;;8479,88;40380,38;;;40380,38;0,00;0,00;0,00;8479,88;48860,26
2026-03-27;1;6;5934;5934;86139235033711;80;30716512149;COMPAÑIA ELECTRICA SRL;80;30585569379;1,00;$;;;;;;9996,97;95209,20;867,91;4132,89;;;99342,09;0,00;0,00;0,00;10864,88;110206,96
2026-03-27;1;6;2435;2435;86139167714954;80;30714584150;EL ARBOL S.R.L.;80;30585569379;1,00;$;;;;;;;;6250,54;29764,46;;;29764,46;0,00;0,00;0,00;6250,54;36015,00
2026-03-27;1;32;9908;9908;86139176060861;80;30660920451;GRUAS SAN BLAS S A;80;30585569379;1390,00;USD;;;;;;;;45,62;217,23;;;217,23;0,00;0,00;0,00;45,62;262,85
2026-03-27;1;3;100;100;86139166557255;80;20237439563;WAYER LOTARIO ENRIQUE;80;30585569379;1,00;$;;;;;;;;57540,00;274000,00;;;274000,00;0,00;0,00;0,00;57540,00;331540,00
2026-03-27;1;3;101;101;86139166610504;80;20237439563;WAYER LOTARIO ENRIQUE;80;30585569379;1,00;$;;;;;;;;50925,00;242500,00;;;242500,00;0,00;0,00;0,00;50925,00;293425,00
2026-03-27;11;2;75;75;86139174566242;80;20145130337;WEDNER RODOLFO;80;30585569379;1,00;$;0,00;0,00;0,00;0,00;0,00;0,00;0,00;0,00;0,00;0,00;0,00;0,00;0,00;0,00;0,00;0,00;1680000,00
2026-03-27;81;48;180172;180172;;80;23140632139;SCHOLLES OMAR ALBERTO;80;30585569379;1,00;$;0,00;0,00;0,00;0,00;0,00;0,00;0,00;21910,02;104333,43;0,00;0,00;104333,43;0,00;0,00;0,00;21910,02;141999,40
2026-03-27;81;48;180174;180174;;80;23140632139;SCHOLLES OMAR ALBERTO;80;30585569379;1,00;$;0,00;0,00;0,00;0,00;0,00;0,00;0,00;21345,80;101646,67;0,00;0,00;101646,67;0,00;0,00;0,00;21345,80;137001,10
2026-03-27;81;48;180205;180205;;80;23140632139;SCHOLLES OMAR ALBERTO;80;30585569379;1,00;$;0,00;0,00;0,00;0,00;0,00;0,00;0,00;8795,03;41881,10;0,00;0,00;41881,10;0,00;0,00;0,00;8795,03;57000,83
2026-03-27;81;116;6218;6218;;80;30543294760;ADOLFO SARTORI S A;80;30585569379;1,00;$;0,00;0,00;0,00;0,00;0,00;0,00;0,00;1666,12;7933,90;0,00;0,00;7933,90;0,00;0,00;0,00;1666,12;9600,01
2026-03-28;81;48;180218;180218;;80;23140632139;SCHOLLES OMAR ALBERTO;80;30585569379;1,00;$;0,00;0,00;0,00;0,00;0,00;0,00;0,00;12800,15;60953,10;0,00;0,00;60953,10;0,00;0,00;0,00;12800,15;85015,00
2026-03-30;1;106;934968;934968;86107187213296;80;30594494187;FEDERAL EXPRESS CORPORATION;80;30585569379;1,00;$;;;;;;;;;;;;0,00;0,00;1181224,90;0,00;0,00;1181224,90
2026-03-30;1;4;10482;10482;86139590434076;80;30709944629;954 LINCOLN SA;80;30585569379;1442,00;USD;;;;;;;;116,55;555,00;;;555,00;0,00;1050,00;0,00;116,55;1721,55
2026-03-30;11;2;193463;193463;86139574579503;80;30525525046;CAMARA ARGENTINA DE COMERCIO Y SERVICIOS;80;30585569379;1,00;$;0,00;0,00;0,00;0,00;0,00;0,00;0,00;0,00;0,00;0,00;0,00;0,00;0,00;0,00;0,00;0,00;24000,00
2026-03-30;81;48;180358;180358;;80;23140632139;SCHOLLES OMAR ALBERTO;80;30585569379;1,00;$;0,00;0,00;0,00;0,00;0,00;0,00;0,00;43686,86;208032,67;0,00;0,00;208032,67;0,00;0,00;0,00;43686,86;280390,00
2026-03-31;1;2;3509;3509;86139663571320;80;20228706729;ROSSNAGEL DANIEL RUBEN;80;30585569379;1,00;$;;;;;;;;57120,00;272000,00;;;272000,00;0,00;0,00;0,00;57120,00;329120,00
2026-03-31;1;4;100523;100523;86139734051104;80;30711543267;BINDER RULEMANES S.A.;80;30585569379;1,00;$;;;;;;;;46222,91;220109,10;;;220109,10;0,00;0,00;0,00;46222,91;266332,01
2026-03-31;1;7;884217;884217;86139805201161;80;30708169575;ABARCA S.R.L.;80;30585569379;1,00;$;;;;;;;;145913,74;694827,31;;;694827,31;0,00;0,00;43843,60;145913,74;884584,65
2026-03-31;1;7;884218;884218;86139805201187;80;30708169575;ABARCA S.R.L.;80;30585569379;1,00;$;;;;;;;;45609,66;217188,88;;;217188,88;0,00;0,00;6515,67;45609,66;269314,21
2026-03-31;1;7;884219;884219;86139805201218;80;30708169575;ABARCA S.R.L.;80;30585569379;1,00;$;;;;;;;;54915,60;261502,87;;;261502,87;0,00;0,00;7845,08;54915,60;324263,55
2026-03-31;1;7;884220;884220;86139805201234;80;30708169575;ABARCA S.R.L.;80;30585569379;1,00;$;;;;;;;;16068,72;76517,72;;;76517,72;0,00;0,00;0,00;16068,72;92586,44
2026-03-31;1;7;884232;884232;86139805201470;80;30708169575;ABARCA S.R.L.;80;30585569379;1,00;$;;;;;;;;16538,53;78754,89;;;78754,89;0,00;0,00;0,00;16538,53;95293,42
2026-03-31;1;6;173;173;86139663996963;80;20328847060;SCHULZ OTTYS EDUARDO;80;30585569379;1,00;$;;;;;;45848,41;436651,57;;;;;436651,57;0,00;0,00;0,00;45848,41;482500,00
2026-03-31;1;9;35790;35790;86139657549234;80;33710457749;SINERGIA INDUSTRIAL S.R.L.;80;30585569379;1,00;$;;;;;;;;30641,27;145910,81;;;145910,81;0,00;0,00;1167,29;30641,27;177719,37
2026-03-31;1;4;1177;1177;86139762473470;80;20283378277;KWASZKA ALEXANDER ARIEL;80;30585569379;1,00;$;;;;;;;;18744,28;89258,47;;;89258,47;0,00;0,00;0,00;18744,28;108002,75
2026-03-31;1;3;1526777;1526777;86139900459167;80;30716370964;ARGENPAY S.A.U.;80;30585569379;1,00;$;;;;;;;;82,42;392,50;;;392,50;0,00;0,00;0,00;82,42;474,92
2026-03-31;11;1;59;59;86139745388343;80;20374710045;GLANZEL GERARDO;80;30585569379;1,00;$;0,00;0,00;0,00;0,00;0,00;0,00;0,00;0,00;0,00;0,00;0,00;0,00;0,00;0,00;0,00;0,00;147000,00
2026-03-31;81;48;180472;180472;;80;23140632139;SCHOLLES OMAR ALBERTO;80;30585569379;1,00;$;0,00;0,00;0,00;0,00;0,00;0,00;0,00;19271,23;91767,76;0,00;0,00;91767,76;0,00;0,00;0,00;19271,23;127449,01
2026-03-31;81;9;48853;48853;;80;27290747436;LABANDOCZKA SILVIA MARIANA;80;30585569379;1,00;$;0,00;0,00;0,00;0,00;0,00;0,00;0,00;80441,56;383055,05;0,00;0,00;383055,05;0,00;0,00;0,00;80441,56;535768,44
2026-03-31;81;7;4694;4694;;80;27170902403;CIEPLINSKI SUSANA INES;80;30585569379;1,00;$;0,00;0,00;0,00;0,00;0,00;0,00;0,00;10690,91;50909,10;0,00;0,00;50909,10;0,00;0,00;0,00;10690,91;61600,00
2026-04-01;1;51;14361;14361;86139741774992;80;30707530207;BOSCO  S. A.;80;30585569379;1,00;$;;;;;;;;5900,83;28099,17;;;28099,17;0,00;0,00;0,00;5900,83;34000,00
2026-04-01;1;9;2486;2486;86139841711953;80;33683265689;GAMPEL COMUNICACIONES SRL;80;30585569379;1,00;$;;;;;;;;12116,79;57699,00;;;57699,00;0,00;0,00;0,00;12116,79;69815,79
2026-04-01;1;3;25553;25553;86139954301721;80;30716024349;DON CAMACHO DISTRIBUCIONES S.R.L;80;30585569379;1,00;$;;;;;;;;53757,15;255986,44;;;255986,44;5510,20;0,00;7382,07;53757,15;322635,86
2026-04-01;1;3;2361;2361;86140027355401;80;33717137219;FULL PLAY SERVICIOS S.R.L.;80;30585569379;1,00;$;;;;;;;;3297,52;15702,48;;;15702,48;0,00;0,00;0,00;3297,52;19000,00
2026-04-01;1;2;209;209;86139839270047;80;20116850096;FRANSKOVIAK JULIO;80;30585569379;1,00;$;;;;;;;;375480,00;1788000,00;;;1788000,00;0,00;0,00;0,00;375480,00;2163480,00
2026-04-01;17;5;1592327;1592327;37130006242560;80;30545836900;ELECTRICIDAD DE MISIONES S. A.;;;1,00;$;0,00;0,00;0,00;0,00;0,00;0,00;0,00;33888,08;161371,81;0,00;0,00;161371,81;0,00;0,00;3116,52;33888,08;100746,48
2026-04-02;1;7;271;271;86140070302838;80;20238946124;SALMI RICARDO ESTEBAN;80;30585569379;1,00;$;;;;;;;;40696,52;193792,95;;;193792,95;0,00;0,00;0,00;40696,52;234489,48
2026-04-04;1;9;35864;35864;86140225052047;80;33710457749;SINERGIA INDUSTRIAL S.R.L.;80;30585569379;1,00;$;;;;;;;;131911,50;628150,00;;;628150,00;0,00;0,00;5025,20;131911,50;765086,70
2026-04-04;1;122;16339;16339;86140799479623;80;30707811516;TOURNE & TOURNE S.A.;80;30585569379;1,00;$;;;;;;;;310413,48;1478159,44;;;1478159,44;0,00;0,00;48927,07;310413,48;1837499,99
2026-04-06;1;16;39157;39157;86140445991036;80;30711740712;AGUAS MISIONERAS SOCIEDAD DEL ESTADO E. E.;80;30585569379;1,00;$;;;;;;;;826,58;3936,11;;;3936,11;0,00;0,00;0,00;826,58;4762,69
2026-04-06;1;4;113;113;86140437840962;80;20242367546;PEREIRA RUBEN ANIBAL;80;30585569379;1,00;$;;;;;;;;336000,00;1600000,00;;;1600000,00;0,00;0,00;0,00;336000,00;1936000,00
2026-04-06;1;6;1504;1504;86140412837783;80;20174630748;DO SANTOS SAMUEL;80;30585569379;1,00;$;;;;;;;;7161,00;34100,00;;;34100,00;0,00;0,00;0,00;7161,00;41261,00
2026-04-06;1;3;203;203;86140415354823;80;20347337561;KATTZ CRISTIAN MARIANO;80;30585569379;1,00;$;;;;;;;;432600,00;2060000,00;;;2060000,00;0,00;0,00;0,00;432600,00;2492600,00
2026-04-06;1;2;1482;1482;86140416543748;80;20329854621;GABROUSKI CRISTIAN MATIAS;80;30585569379;1,00;$;;;;;;;;323232,00;1539200,00;;;1539200,00;0,00;0,00;50947,52;323232,00;1913379,52
2026-04-06;11;6;168;168;86140415675716;80;20169444995;CHAVES ROSSBERG LUIS ARIEL;80;30585569379;1,00;$;0,00;0,00;0,00;0,00;0,00;0,00;0,00;0,00;0,00;0,00;0,00;0,00;0,00;0,00;0,00;0,00;75000,00
2026-04-06;11;5;148;148;86140522606110;80;20145130116;ARENHARDT NELSON BERNARDO;80;30585569379;1,00;$;0,00;0,00;0,00;0,00;0,00;0,00;0,00;0,00;0,00;0,00;0,00;0,00;0,00;0,00;0,00;0,00;375840,00
2026-04-06;81;48;180881;180881;;80;23140632139;SCHOLLES OMAR ALBERTO;80;30585569379;1,00;$;0,00;0,00;0,00;0,00;0,00;0,00;0,00;15114,69;71974,71;0,00;0,00;71974,71;0,00;0,00;0,00;15114,69;99960,00
2026-04-08;1;5;10784;10784;86140704508699;80;20233567184;GLASIK ROBERTO JAVIER;80;30585569379;1,00;$;;;;;;;;111848,77;532613,20;;;532613,20;0,00;0,00;17629,50;111848,77;662091,47
2026-04-08;1;5;10783;10783;86140702052921;80;20233567184;GLASIK ROBERTO JAVIER;80;30585569379;1,00;$;;;;;;;;122324,61;582498,15;;;582498,15;0,00;0,00;19280,69;122324,61;724103,45
2026-04-08;1;18;100066;100066;86150936206877;80;30603866092;FRIGORIFICO SAN FRANCISCO S.A.I.C. Y A. S. A.;80;30585569379;1,00;$;;;;;;140132,24;1334592,74;;;;;1334592,74;0,00;0,00;44175,02;140132,24;1518900,00
2026-04-08;1;7;273;273;86140718300345;80;20238946124;SALMI RICARDO ESTEBAN;80;30585569379;1,00;$;;;;;;;;9198,34;43801,62;;;43801,62;0,00;0,00;0,00;9198,34;52999,94
2026-04-08;3;5;1421;1421;86140704269037;80;20233567184;GLASIK ROBERTO JAVIER;80;30585569379;1,00;$;;;;;;;;122324,61;582498,15;;;582498,15;0,00;0,00;19280,69;122324,61;724103,45
2026-04-08;3;7;11;11;86140717935984;80;20238946124;SALMI RICARDO ESTEBAN;80;30585569379;1,00;$;;;;;;;;10916,52;51983,43;;;51983,43;0,00;0,00;0,00;10916,52;62899,93
2026-04-08;11;3;928;928;86140746738791;80;20143642985;MOREIRA JOSE EDUARDO;80;30585569379;1,00;$;0,00;0,00;0,00;0,00;0,00;0,00;0,00;0,00;0,00;0,00;0,00;0,00;0,00;0,00;0,00;0,00;210000,00
2026-04-08;81;48;180991;180991;;80;23140632139;SCHOLLES OMAR ALBERTO;80;30585569379;1,00;$;0,00;0,00;0,00;0,00;0,00;0,00;0,00;29798,92;141899,62;0,00;0,00;141899,62;0,00;0,00;0,00;29798,92;192720,00
2026-04-08;81;48;181030;181030;;80;23140632139;SCHOLLES OMAR ALBERTO;80;30585569379;1,00;$;0,00;0,00;0,00;0,00;0,00;0,00;0,00;24201,87;115247,00;0,00;0,00;115247,00;0,00;0,00;0,00;24201,87;155000,28
2026-04-09;1;26;671213;671213;86150854386330;80;30637530158;COOPERATIVA FRIGORIFICA LEANDRO N ALEM;80;30585569379;1,00;$;;;;;;;;32372,18;154153,23;;;154153,23;0,00;0,00;4624,60;32372,18;191150,01
2026-04-09;1;141;635;635;86150980882807;80;30708673974;EL CONDOR S.R.L.;80;30585569379;1,00;$;;;;;;58672,10;558781,90;1203789,44;5732330,66;;;6291112,56;0,00;0,00;383909,26;1262461,54;7937483,36
2026-04-09;1;5;42766;42766;86150872369437;80;30711527156;HUXLEY S.A.;80;30585569379;1,00;$;;;;;;;;19838,70;94470,00;;;94470,00;0,00;0,00;0,00;19838,70;114308,70
2026-04-09;1;4;1188;1188;86150938706049;80;20283378277;KWASZKA ALEXANDER ARIEL;80;30585569379;1,00;$;;;;;;;;23016,86;109604,07;;;109604,07;0,00;0,00;3288,12;23016,86;135909,05
2026-04-09;11;3;35;35;86150878775919;80;27239101173;FIEGE BEATRIZ CECILIA;80;30585569379;1,00;$;0,00;0,00;0,00;0,00;0,00;0,00;0,00;0,00;0,00;0,00;0,00;0,00;0,00;0,00;0,00;0,00;1552000,00
2026-04-09;11;3;444;444;86150948842010;80;20245770481;LEMHOFER ERNESTO GERARDO;80;30585569379;1,00;$;0,00;0,00;0,00;0,00;0,00;0,00;0,00;0,00;0,00;0,00;0,00;0,00;0,00;0,00;0,00;0,00;145000,00
2026-04-09;81;48;181119;181119;;80;23140632139;SCHOLLES OMAR ALBERTO;80;30585569379;1,00;$;0,00;0,00;0,00;0,00;0,00;0,00;0,00;108153,57;515017,00;0,00;0,00;515017,00;0,00;0,00;0,00;108153,57;739942,21
2026-04-10;1;5;400425;400425;86151102779640;80;30708098031;ECONOR S. R. L.;80;30585569379;1,00;$;;;;;;;;48459,16;230757,90;;;230757,90;0,00;0,00;6922,74;48459,16;286139,80
2026-04-10;1;5;400428;400428;86151102779904;80;30708098031;ECONOR S. R. L.;80;30585569379;1,00;$;;;;;;;;4323,22;20586,76;;;20586,76;0,00;0,00;0,00;4323,22;24909,98
2026-04-10;1;4;2397;2397;86151127216911;80;20120535103;BARRIOS JULIO CESAR;80;30585569379;1,00;$;;;;;;;;42210,00;201000,00;;;201000,00;0,00;0,00;0,00;42210,00;243210,00
2026-04-10;1;2;61;61;86151035287284;80;20358401539;KATZ DIEGO GABRIEL;80;30585569379;1,00;$;;;;;;;;968520,00;4612000,00;;;4612000,00;0,00;0,00;0,00;968520,00;5580520,00
2026-04-10;1;2;210;210;86151035798539;80;20116850096;FRANSKOVIAK JULIO;80;30585569379;1,00;$;;;;;;;;1050000,00;5000000,00;;;5000000,00;0,00;0,00;0,00;1050000,00;6050000,00
2026-04-10;1;3;102;102;86151050905907;80;20237439563;WAYER LOTARIO ENRIQUE;80;30585569379;1,00;$;;;;;;;;369600,00;1760000,00;;;1760000,00;0,00;0,00;0,00;369600,00;2129600,00
2026-04-10;1;4;61;61;86151029086953;80;20274702630;WEBER MARIANO RAFAEL;80;30585569379;1,00;$;;;;;;;;686700,00;3270000,00;;;3270000,00;0,00;0,00;0,00;686700,00;3956700,00
2026-04-10;1;4;92;92;86151092446685;80;20304573792;VITKOSKI RUBEN OSCAR;80;30585569379;1,00;$;;;;;;;;1387268,40;6606040,00;;;6606040,00;0,00;0,00;0,00;1387268,40;7993308,40
2026-04-10;1;2;315;315;86151364647354;80;20163843057;DIELLO ISRAEL;80;30585569379;1,00;$;;;;;;;;252840,00;1204000,00;;;1204000,00;0,00;0,00;0,00;252840,00;1456840,00
2026-04-10;1;2;316;316;86151364715813;80;20163843057;DIELLO ISRAEL;80;30585569379;1,00;$;;;;;;;;315000,00;1500000,00;;;1500000,00;0,00;0,00;0,00;315000,00;1815000,00
2026-04-10;1;2;317;317;86151364766712;80;20163843057;DIELLO ISRAEL;80;30585569379;1,00;$;;;;;;;;231840,00;1104000,00;;;1104000,00;0,00;0,00;0,00;231840,00;1335840,00
2026-04-10;1;2;318;318;86151364811463;80;20163843057;DIELLO ISRAEL;80;30585569379;1,00;$;;;;;;;;358680,00;1708000,00;;;1708000,00;0,00;0,00;0,00;358680,00;2066680,00
2026-04-10;11;3;48;48;86151041970941;80;27144226998;YENKALA LIDIA;80;30585569379;1,00;$;0,00;0,00;0,00;0,00;0,00;0,00;0,00;0,00;0,00;0,00;0,00;0,00;0,00;0,00;0,00;0,00;1304000,00
2026-04-10;11;2;53;53;86151105459167;80;20075589191;SAUDER BERNARDO;80;30585569379;1,00;$;0,00;0,00;0,00;0,00;0,00;0,00;0,00;0,00;0,00;0,00;0,00;0,00;0,00;0,00;0,00;0,00;960000,00
2026-04-10;11;2;40;40;86151027647321;80;20201206074;STUCKERT JUAN;80;30585569379;1,00;$;0,00;0,00;0,00;0,00;0,00;0,00;0,00;0,00;0,00;0,00;0,00;0,00;0,00;0,00;0,00;0,00;796000,00
2026-04-10;11;2;2;2;86151076481513;80;27145132644;LAUMANN LELIA LUCIA;80;30585569379;1,00;$;0,00;0,00;0,00;0,00;0,00;0,00;0,00;0,00;0,00;0,00;0,00;0,00;0,00;0,00;0,00;0,00;2210000,00
2026-04-10;11;2;76;76;86151046068464;80;20145130337;WEDNER RODOLFO;80;30585569379;1,00;$;0,00;0,00;0,00;0,00;0,00;0,00;0,00;0,00;0,00;0,00;0,00;0,00;0,00;0,00;0,00;0,00;408000,00
2026-04-10;81;48;181163;181163;;80;23140632139;SCHOLLES OMAR ALBERTO;80;30585569379;1,00;$;0,00;0,00;0,00;0,00;0,00;0,00;0,00;14128,72;67279,62;0,00;0,00;67279,62;0,00;0,00;0,00;14128,72;95000,01
2026-04-10;81;48;181191;181191;;80;23140632139;SCHOLLES OMAR ALBERTO;80;30585569379;1,00;$;0,00;0,00;0,00;0,00;0,00;0,00;0,00;16357,31;77891,95;0,00;0,00;77891,95;0,00;0,00;0,00;16357,31;104760,00
2026-04-12;1;5;1642;1642;86151315993352;80;20324149644;KRILL RENE EUGENIO;80;30585569379;1,00;$;;;;;;;;799791,72;3808532,00;;;3808532,00;0,00;0,00;0,00;799791,72;4608323,72
2026-04-13;1;4;10544;10544;86151430302864;80;30709944629;954 LINCOLN SA;80;30585569379;1447,00;USD;;;;;;;;77,70;370,00;;;370,00;0,00;525,00;0,00;77,70;972,70
2026-04-13;1;3;3852;3852;86151393500640;80;30710162049;FOREST COMPANY SRL;80;30585569379;1,00;$;;;;;;;;366240,00;1744000,00;;;1744000,00;0,00;0,00;57726,40;366240,00;2167966,40
2026-04-13;81;7;8839;8839;;80;27290747436;LABANDOCZKA SILVIA MARIANA;80;30585569379;1,00;$;0,00;0,00;0,00;0,00;0,00;0,00;0,00;4446,07;21171,76;0,00;0,00;21171,76;0,00;0,00;0,00;4446,07;30000,43
2026-04-14;1;5;4481;4481;86151605237547;80;30717241513;DISTRIBUIDORA PARANA SRL;80;30585569379;1,00;$;;;;;;;;32975,21;157024,79;;;157024,79;0,00;0,00;0,00;32975,21;190000,00
2026-04-14;1;4;6570;6570;86151562761213;80;20160594749;SANCHEZ MIGUEL;80;30585569379;1,00;$;;;;;;38959,36;371041,52;;;;;371041,52;0,00;0,00;0,00;38959,36;410000,91
2026-04-14;81;48;181485;181485;;80;23140632139;SCHOLLES OMAR ALBERTO;80;30585569379;1,00;$;0,00;0,00;0,00;0,00;0,00;0,00;0,00;15462,28;73629,90;0,00;0,00;73629,90;0,00;0,00;0,00;15462,28;100000,00
2026-04-15;1;5;130899;130899;86151726488233;80;30547110427;SGS ARGENTINA SA;80;30585569379;1364,00;USD;;;;;;;;268,80;1280,00;;;1280,00;0,00;0,00;42,37;268,80;1591,17
2026-04-15;1;3;25611;25611;86151721813874;80;30716024349;DON CAMACHO DISTRIBUCIONES S.R.L;80;30585569379;1,00;$;;;;;;;;29950,39;142620,91;;;142620,91;2905,60;0,00;4070,36;29950,39;179547,26
2026-04-15;1;18;100251;100251;86161844758049;80;30603866092;FRIGORIFICO SAN FRANCISCO S.A.I.C. Y A. S. A.;80;30585569379;1,00;$;;;;;;108736,49;1035585,63;;;;;1035585,63;0,00;0,00;34277,88;108736,49;1178600,00
2026-04-15;1;3;1537168;1537168;86161826062439;80;30716370964;ARGENPAY S.A.U.;80;30585569379;1,00;$;;;;;;;;720,77;3432,25;;;3432,25;0,00;0,00;0,00;720,77;4153,02
2026-04-15;1;1;176;176;86151698073251;80;33715792309;INDUSTRIAL MARCOS SOCIEDAD DE RESPONSABILIDAD LIMITADA;80;30585569379;1,00;$;;;;;;;;5494156,50;26162650,00;;;26162650,00;0,00;0,00;0,00;5494156,50;31656806,50
2026-04-15;1;4;1637;1637;86151698345454;80;20119301573;HOLC RICARDO RODOLFO;80;30585569379;1,00;$;;;;;;;;1361178,00;6481800,00;;;6481800,00;0,00;0,00;214547,58;1361178,00;8057525,58
2026-04-15;1;14;749409;749409;86151691161125;80;30678196165;TERMINAL 4  S A;80;30585569379;1,00;$;;;;;;;;177709,35;846235,00;;;846235,00;0,00;0,00;0,00;177709,35;1023944,35
2026-04-15;11;2;194804;194804;86151680209618;80;30525525046;CAMARA ARGENTINA DE COMERCIO Y SERVICIOS;80;30585569379;1,00;$;0,00;0,00;0,00;0,00;0,00;0,00;0,00;0,00;0,00;0,00;0,00;0,00;0,00;0,00;0,00;0,00;24000,00
2026-04-15;11;4;334;334;86151721445767;80;27041829783;PROCACCI MATILDE NELIDA;80;30585569379;1,00;$;0,00;0,00;0,00;0,00;0,00;0,00;0,00;0,00;0,00;0,00;0,00;0,00;0,00;0,00;0,00;0,00;370700,08
2026-04-16;1;106;940043;940043;86151180261749;80;30594494187;FEDERAL EXPRESS CORPORATION;80;30585569379;1,00;$;;;;;;;;;;;;0,00;0,00;854070,33;0,00;0,00;854070,33
2026-04-16;11;3;4;4;86161793219802;80;27242368350;CARBALLO SANDRA PAOLA;80;30585569379;1,00;$;0,00;0,00;0,00;0,00;0,00;0,00;0,00;0,00;0,00;0,00;0,00;0,00;0,00;0,00;0,00;0,00;417030,00
2026-04-16;81;48;181595;181595;;80;23140632139;SCHOLLES OMAR ALBERTO;80;30585569379;1,00;$;0,00;0,00;0,00;0,00;0,00;0,00;0,00;15114,69;71974,71;0,00;0,00;71974,71;0,00;0,00;0,00;15114,69;99960,00
2026-04-16;81;48;181634;181634;;80;23140632139;SCHOLLES OMAR ALBERTO;80;30585569379;1,00;$;0,00;0,00;0,00;0,00;0,00;0,00;0,00;11174,59;53212,33;0,00;0,00;53212,33;0,00;0,00;0,00;11174,59;72270,00
2026-04-16;81;49;9983;9983;;80;23140632139;SCHOLLES OMAR ALBERTO;80;30585569379;1,00;$;0,00;0,00;0,00;0,00;0,00;0,00;0,00;23577,43;112273,48;0,00;0,00;112273,48;0,00;0,00;0,00;23577,43;151001,06
2026-04-17;1;8;211788;211788;86161932792275;80;30707851895;TRANSPORTE GARAY S.A.;80;30585569379;1,00;$;;;;;;;;501900,00;2390000,00;;;2390000,00;0,00;0,00;79109,00;501900,00;2971009,00
2026-04-17;1;9;2975;2975;86161993802352;80;30687873293;PENIEL S R L;80;30585569379;1380,00;USD;;;;;;;;14,96;71,22;;;71,22;0,00;0,00;0,00;14,96;86,18
2026-04-17;1;2671;946;946;86151292713585;80;33699685459;CORREO ANDREANI SA;80;30585569379;1,00;$;;;;;;;;5964,15;28400,73;;;28400,73;0,00;0,00;0,00;5964,15;34364,88
2026-04-17;81;48;181728;181728;;80;23140632139;SCHOLLES OMAR ALBERTO;80;30585569379;1,00;$;0,00;0,00;0,00;0,00;0,00;0,00;0,00;23718,10;112943,33;0,00;0,00;112943,33;0,00;0,00;0,00;23718,10;151902,00
2026-04-20;1;5;390;390;86162275890215;80;20354538815;MACKOW DENYS GABRIEL;80;30585569379;1,00;$;;;;;;;;100085,18;476596,09;;;476596,09;0,00;0,00;0,00;100085,18;576681,27
2026-04-20;1;36;24761;24761;86162274147631;80;20148886297;TENENBAUM GUSTAVO GABRIEL;80;30585569379;1,00;$;;;;;;;;36081,82;171818,18;;;171818,18;0,00;0,00;0,00;36081,82;207900,00
2026-04-20;1;9;36285;36285;86162314269758;80;33710457749;SINERGIA INDUSTRIAL S.R.L.;80;30585569379;1,00;$;;;;;;;;12904,50;61450,00;;;61450,00;0,00;0,00;491,60;12904,50;74846,10
2026-04-20;1;5;1217;1217;86162272394907;80;20178075137;BLOCH DAVID;80;30585569379;1,00;$;;;;;;;;660267,77;3144132,23;;;3144132,23;0,00;0,00;104070,78;660267,77;3908470,78
2026-04-20;1;6;2494;2494;86162272635590;80;20178075137;BLOCH DAVID;80;30585569379;1,00;$;;;;;;;;239504,13;1140495,87;;;1140495,87;0,00;0,00;37750,41;239504,13;1417750,41
2026-04-20;1;2;442;442;86162301176148;80;27136587272;GUARDIA MIRIAN BEATRIZ;80;30585569379;1,00;$;;;;;;;;63000,00;300000,00;;;300000,00;0,00;0,00;0,00;63000,00;363000,00
2026-04-20;1;2;443;443;86162301983607;80;27136587272;GUARDIA MIRIAN BEATRIZ;80;30585569379;1,00;$;;;;;;;;21000,00;100000,00;;;100000,00;0,00;0,00;0,00;21000,00;121000,00
2026-04-20;11;3;423;423;86162295401449;80;20237628749;ALMEIDA JOSE MARCELINO;80;30585569379;1,00;$;0,00;0,00;0,00;0,00;0,00;0,00;0,00;0,00;0,00;0,00;0,00;0,00;0,00;0,00;0,00;0,00;620000,00
2026-04-20;81;48;181951;181951;;80;23140632139;SCHOLLES OMAR ALBERTO;80;30585569379;1,00;$;0,00;0,00;0,00;0,00;0,00;0,00;0,00;19346,03;92123,95;0,00;0,00;92123,95;0,00;0,00;0,00;19346,03;127998,79
2026-04-21;1;3950;6878157;6878157;86172732096419;80;30639453738;TELECOM ARGENTINA SOCIEDAD ANONIMA;80;30585569379;1,00;$;;;;;;;;5442,79;25918,06;31,05;115,00;26033,06;0,00;0,00;780,99;5473,84;32287,89
2026-04-21;1;5;1643;1643;86162403407124;80;20324149644;KRILL RENE EUGENIO;80;30585569379;1,00;$;;;;;;;;675218,04;3215324,00;;;3215324,00;0,00;0,00;0,00;675218,04;3890542,04
2026-04-21;81;48;181969;181969;;80;23140632139;SCHOLLES OMAR ALBERTO;80;30585569379;1,00;$;0,00;0,00;0,00;0,00;0,00;0,00;0,00;85671,88;407961,33;0,00;0,00;407961,33;0,00;0,00;0,00;85671,88;569573,98
2026-04-22;1;2;3558;3558;86162606784795;80;20228706729;ROSSNAGEL DANIEL RUBEN;80;30585569379;1,00;$;;;;;;;;37170,00;177000,00;;;177000,00;0,00;0,00;0,00;37170,00;214170,00
2026-04-22;1;3;25650;25650;86162601897293;80;30716024349;DON CAMACHO DISTRIBUCIONES S.R.L;80;30585569379;1,00;$;;;;;;;;15969,08;76043,22;;;76043,22;1680,00;0,00;0,00;15969,08;93692,30
2026-04-22;1;2;3557;3557;86162541768477;80;20228706729;ROSSNAGEL DANIEL RUBEN;80;30585569379;1,00;$;;;;;;;;144900,00;690000,00;;;690000,00;0,00;0,00;22839,00;144900,00;857739,00
2026-04-22;1;1331;2349586;2349586;86172690754418;80;30663288497;AMX ARGENTINA SOCIEDAD ANONIMA;80;30585569379;1,00;$;;;;;;;;633,15;3015,00;2704,05;10015,00;13030,00;0,00;0,00;390,90;3337,20;16758,10
2026-04-22;3;5;4;4;86162561458643;80;20354538815;MACKOW DENYS GABRIEL;80;30585569379;1,00;$;;;;;;;;4859,50;23140,50;;;23140,50;0,00;0,00;0,00;4859,50;28000,00
2026-04-23;1;4;1203;1203;86172740370199;80;20283378277;KWASZKA ALEXANDER ARIEL;80;30585569379;1,00;$;;;;;;;;15259,46;72664,10;;;72664,10;0,00;0,00;0,00;15259,46;87923,55
2026-04-23;1;7;278;278;86172676409227;80;20238946124;SALMI RICARDO ESTEBAN;80;30585569379;1,00;$;;;;;;;;20149,54;95950,19;;;95950,19;0,00;0,00;0,00;20149,54;116099,76
2026-04-23;11;1;62;62;86172674193204;80;20374710045;GLANZEL GERARDO;80;30585569379;1,00;$;0,00;0,00;0,00;0,00;0,00;0,00;0,00;0,00;0,00;0,00;0,00;0,00;0,00;0,00;0,00;0,00;200000,00
2026-04-23;11;3;49;49;86172710218037;80;27144226998;YENKALA LIDIA;80;30585569379;1,00;$;0,00;0,00;0,00;0,00;0,00;0,00;0,00;0,00;0,00;0,00;0,00;0,00;0,00;0,00;0,00;0,00;642000,00
2026-04-23;11;3;10;10;86172710389586;80;20221457103;DIELLO FABIAN CLAUDIO;80;30585569379;1,00;$;0,00;0,00;0,00;0,00;0,00;0,00;0,00;0,00;0,00;0,00;0,00;0,00;0,00;0,00;0,00;0,00;1544000,00
2026-04-23;11;2;50;50;86172694282731;80;23103082269;OLINCHAK REINALDO;80;30585569379;1,00;$;0,00;0,00;0,00;0,00;0,00;0,00;0,00;0,00;0,00;0,00;0,00;0,00;0,00;0,00;0,00;0,00;2556000,00
2026-04-23;81;9;49353;49353;;80;27290747436;LABANDOCZKA SILVIA MARIANA;80;30585569379;1,00;$;0,00;0,00;0,00;0,00;0,00;0,00;0,00;2864,35;13639,76;0,00;0,00;13639,76;0,00;0,00;0,00;2864,35;18899,87
2026-04-24;1;5;401229;401229;86172845913116;80;30708098031;ECONOR S. R. L.;80;30585569379;1,00;$;;;;;;;;95388,01;454228,64;;;454228,64;0,00;0,00;28661,83;95388,01;578278,48
2026-04-24;1;2;110;110;86172903407339;80;27331603037;VITKOWSKI SANDRA MABEL;80;30585569379;1,00;$;;;;;;;;1159662,00;5522200,00;;;5522200,00;0,00;0,00;0,00;1159662,00;6681862,00
2026-04-24;1;2;62;62;86172892506990;80;20358401539;KATZ DIEGO GABRIEL;80;30585569379;1,00;$;;;;;;;;838950,00;3995000,00;;;3995000,00;0,00;0,00;0,00;838950,00;4833950,00
2026-04-24;1;2;319;319;86172881915583;80;20163843057;DIELLO ISRAEL;80;30585569379;1,00;$;;;;;;;;242760,00;1156000,00;;;1156000,00;0,00;0,00;0,00;242760,00;1398760,00
2026-04-24;1;2;320;320;86172882221940;80;20163843057;DIELLO ISRAEL;80;30585569379;1,00;$;;;;;;;;242760,00;1156000,00;;;1156000,00;0,00;0,00;0,00;242760,00;1398760,00
2026-04-24;1;2;321;321;86172882380402;80;20163843057;DIELLO ISRAEL;80;30585569379;1,00;$;;;;;;;;149394,00;711400,00;;;711400,00;0,00;0,00;0,00;149394,00;860794,00
2026-04-24;3;2;19;19;86172882539934;80;20163843057;DIELLO ISRAEL;80;30585569379;1,00;$;;;;;;;;242760,00;1156000,00;;;1156000,00;0,00;0,00;0,00;242760,00;1398760,00
2026-04-24;11;2;119;119;86172817425972;80;27307530487;OLYNIZACK GLADYS CRISTINA;80;30585569379;1,00;$;0,00;0,00;0,00;0,00;0,00;0,00;0,00;0,00;0,00;0,00;0,00;0,00;0,00;0,00;0,00;0,00;1826600,00
2026-04-24;11;2;43;43;86172818197179;80;20257281516;WEGNER ERNESTO FABIAN;80;30585569379;1,00;$;0,00;0,00;0,00;0,00;0,00;0,00;0,00;0,00;0,00;0,00;0,00;0,00;0,00;0,00;0,00;0,00;320000,00
2026-04-25;1;3;25666;25666;86172989599247;80;30716024349;DON CAMACHO DISTRIBUCIONES S.R.L;80;30585569379;1,00;$;;;;;;;;2376,35;11315,94;;;11315,94;0,00;0,00;0,00;2376,35;13692,29
2026-04-27;1;12;25330;25330;86173135407557;80;30710291914;PAPELERA MERCEDES SRL;80;30585569379;1,00;$;;;;;;;;49626,82;236318,18;;;236318,18;0,00;0,00;0,00;49626,82;285945,00
2026-04-27;1;21;20499;20499;86173210636943;80;30562924112;EXPRESO SINGER SOCIEDAD ANONIMA DE TRANSPORTE;80;30585569379;1,00;$;;;;;;;;4050,40;19287,60;;;19287,60;0,00;0,00;0,00;4050,40;23338,00
2026-04-27;1;3;39551;39551;86173221484859;80;30714941999;EL ARTESANO SRL;80;30585569379;1,00;$;;;;;;;;43370,31;206525,30;;;206525,30;0,00;0,00;0,00;43370,31;249895,61
2026-04-27;1;3;39552;39552;86173221718727;80;30714941999;EL ARTESANO SRL;80;30585569379;1,00;$;;;;;;;;56467,13;268891,05;;;268891,05;0,00;0,00;0,00;56467,13;325358,18
2026-04-27;1;3;39553;39553;86173221976549;80;30714941999;EL ARTESANO SRL;80;30585569379;1,00;$;;;;;;;;72393,14;344729,26;;;344729,26;0,00;0,00;11410,54;72393,14;428532,94
2026-04-27;1;6;2469;2469;86173220317120;80;20347352900;FIEDLER EMANUEL;80;30585569379;1,00;$;;;;;;;;2940,35;14001,65;;;14001,65;0,00;0,00;0,00;2940,35;16942,00
2026-04-27;1;2;111;111;86173146730129;80;27331603037;VITKOWSKI SANDRA MABEL;80;30585569379;1,00;$;;;;;;;;604380,00;2878000,00;;;2878000,00;0,00;0,00;0,00;604380,00;3482380,00
2026-04-27;1;2;112;112;86173146879669;80;27331603037;VITKOWSKI SANDRA MABEL;80;30585569379;1,00;$;;;;;;;;555282,00;2644200,00;;;2644200,00;0,00;0,00;0,00;555282,00;3199482,00
2026-04-27;3;2;4;4;86173146590974;80;27331603037;VITKOWSKI SANDRA MABEL;80;30585569379;1,00;$;;;;;;;;1159662,00;5522200,00;;;5522200,00;0,00;0,00;0,00;1159662,00;6681862,00
2026-04-27;81;48;182379;182379;;80;23140632139;SCHOLLES OMAR ALBERTO;80;30585569379;1,00;$;0,00;0,00;0,00;0,00;0,00;0,00;0,00;13219,66;62950,76;0,00;0,00;62950,76;0,00;0,00;0,00;13219,66;87465,00
2026-04-27;81;48;182386;182386;;80;23140632139;SCHOLLES OMAR ALBERTO;80;30585569379;1,00;$;0,00;0,00;0,00;0,00;0,00;0,00;0,00;23967,55;114131,19;0,00;0,00;114131,19;0,00;0,00;0,00;23967,55;153499,59
2026-04-27;81;48;182436;182436;;80;23140632139;SCHOLLES OMAR ALBERTO;80;30585569379;1,00;$;0,00;0,00;0,00;0,00;0,00;0,00;0,00;12524,48;59640,38;0,00;0,00;59640,38;0,00;0,00;0,00;12524,48;81000,22
2026-04-28;1;3;5137;5137;86173369422759;80;20303633740;MICHALOVSKI ANTONIO RAFAEL;80;30585569379;1,00;$;;;;;;12257,92;116742,10;;;;;116742,10;0,00;0,00;3864,16;12257,92;132864,16
2026-04-28;11;2;204;204;86194677968507;80;20167865403;JASIEJKO MIGUEL ANGEL;80;30585569379;1,00;$;0,00;0,00;0,00;0,00;0,00;0,00;0,00;0,00;0,00;0,00;0,00;0,00;0,00;0,00;0,00;0,00;70000,00
2026-04-29;1;4;101081;101081;86173448794772;80;30711543267;BINDER RULEMANES S.A.;80;30585569379;1,00;$;;;;;;;;2215,14;10548,28;;;10548,28;0,00;0,00;0,00;2215,14;12763,42
2026-04-29;1;2;24102;24102;86173449011594;80;30651784693;ECOCERT ARGENTINA S.A.;80;30585569379;1,00;$;;;;;;;;632072,86;3009870,75;;;3009870,75;0,00;0,00;0,00;632072,86;3641943,61
2026-04-29;1;8;27107;27107;86173480542723;80;30709746185;OUTSOURCING RRHH BURO S.R.L.;80;30585569379;1,00;$;;;;;;;;7744,38;36878,00;;;36878,00;0,00;0,00;0,00;7744,38;44622,38
2026-04-29;1;122;16526;16526;86184043873191;80;30707811516;TOURNE & TOURNE S.A.;80;30585569379;1,00;$;;;;;;23755,66;226244,36;98538,33;469230,16;;;695474,52;0,00;0,00;15531,52;122293,99;833300,03
2026-04-29;1;2;2364;2364;86183697469031;80;20221456441;ZIMMERMANN CARLOS ALBERTO;80;30585569379;1,00;$;;;;;;;;25200,00;120000,00;;;120000,00;0,00;0,00;0,00;25200,00;145200,00
2026-04-29;1;47;123369;123369;86151161539088;80;30590578971;EXOLGAN S. A.;80;30585569379;1,00;$;;;;;;;;9609,60;45760,00;;;45760,00;0,00;0,00;1372,80;9609,60;56742,40
2026-04-29;11;3;52;52;86173438452167;80;23216846109;MASKO VICTOR HUGO;80;30585569379;1,00;$;0,00;0,00;0,00;0,00;0,00;0,00;0,00;0,00;0,00;0,00;0,00;0,00;0,00;0,00;0,00;0,00;2020000,00
2026-04-29;17;5;1610429;1610429;37160006273629;80;30545836900;ELECTRICIDAD DE MISIONES S. A.;;;1,00;$;0,00;0,00;0,00;0,00;0,00;0,00;0,00;38840,74;184955,90;0,00;0,00;184955,90;0,00;0,00;3116,52;38840,74;115014,86
2026-04-30;1;3;39671;39671;86183676124744;80;30714941999;EL ARTESANO SRL;80;30585569379;1,00;$;;;;;;;;7341,21;34958,15;;;34958,15;0,00;0,00;0,00;7341,21;42299,36
2026-04-30;1;4;10600;10600;86183771283577;80;30709944629;954 LINCOLN SA;80;30585569379;1450,00;USD;;;;;;;;67,20;320,00;;;320,00;0,00;525,00;0,00;67,20;912,20
2026-04-30;1;3;1547140;1547140;86183763299374;80;30716370964;ARGENPAY S.A.U.;80;30585569379;1,00;$;;;;;;;;2934,17;13972,25;;;13972,25;0,00;0,00;0,00;2934,17;16906,42
2026-04-30;1;7;282;282;86183567747742;80;20238946124;SALMI RICARDO ESTEBAN;80;30585569379;1,00;$;;;;;;;;29177,80;138941,90;;;138941,90;0,00;0,00;0,00;29177,80;168119,68
2026-04-30;11;2;120;120;86183650270592;80;20170194714;WIEDNER ARNOLDO;80;30585569379;1,00;$;0,00;0,00;0,00;0,00;0,00;0,00;0,00;0,00;0,00;0,00;0,00;0,00;0,00;0,00;0,00;0,00;4259000,00
2026-04-30;11;3;335;335;86183621194923;80;20112889311;KUMMRITZ HELMUTH OTTO;80;30585569379;1,00;$;0,00;0,00;0,00;0,00;0,00;0,00;0,00;0,00;0,00;0,00;0,00;0,00;0,00;0,00;0,00;0,00;166668,00
2026-04-30;81;48;182667;182667;;80;23140632139;SCHOLLES OMAR ALBERTO;80;30585569379;1,00;$;0,00;0,00;0,00;0,00;0,00;0,00;0,00;10127,91;48228,14;0,00;0,00;48228,14;0,00;0,00;0,00;10127,91;65500,71
2026-05-01;11;3;937;937;86183797732920;80;20143642985;MOREIRA JOSE EDUARDO;80;30585569379;1,00;$;0,00;0,00;0,00;0,00;0,00;0,00;0,00;0,00;0,00;0,00;0,00;0,00;0,00;0,00;0,00;0,00;270000,00
2026-05-02;11;6;174;174;86183899426361;80;20169444995;CHAVES ROSSBERG LUIS ARIEL;80;30585569379;1,00;$;0,00;0,00;0,00;0,00;0,00;0,00;0,00;0,00;0,00;0,00;0,00;0,00;0,00;0,00;0,00;0,00;75000,00
2026-05-04;1;9;2508;2508;86184069185907;80;33683265689;GAMPEL COMUNICACIONES SRL;80;30585569379;1,00;$;;;;;;;;12116,79;57699,00;;;57699,00;0,00;0,00;0,00;12116,79;69815,79
2026-05-04;1;9;2509;2509;86184069206414;80;33683265689;GAMPEL COMUNICACIONES SRL;80;30585569379;1,00;$;;;;;;;;12116,79;57699,00;;;57699,00;0,00;0,00;0,00;12116,79;69815,79
2026-05-04;1;3;2386;2386;86184129888534;80;33717137219;FULL PLAY SERVICIOS S.R.L.;80;30585569379;1,00;$;;;;;;;;3297,52;15702,48;;;15702,48;0,00;0,00;0,00;3297,52;19000,00
2026-05-04;1;51;14884;14884;86184239871261;80;30707530207;BOSCO  S. A.;80;30585569379;1,00;$;;;;;;;;5900,83;28099,17;;;28099,17;0,00;0,00;0,00;5900,83;34000,00
2026-05-04;1;3;94;94;86184028552740;80;20233457338;SOTNIECZUK STASIUK RUBEN ALBERTO;80;30585569379;1,00;$;;;;;;;;1152060,00;5486000,00;;;5486000,00;0,00;0,00;0,00;1152060,00;6638060,00
2026-05-04;1;2;211;211;86184117521544;80;20116850096;FRANSKOVIAK JULIO;80;30585569379;1,00;$;;;;;;;;2625000,00;12500000,00;;;12500000,00;0,00;0,00;0,00;2625000,00;15125000,00
2026-05-04;3;9;40;40;86184113114089;80;33683265689;GAMPEL COMUNICACIONES SRL;80;30585569379;1,00;$;;;;;;;;12116,79;57699,00;;;57699,00;0,00;0,00;0,00;12116,79;69815,79
2026-05-04;11;5;149;149;86184158668240;80;20145130116;ARENHARDT NELSON BERNARDO;80;30585569379;1,00;$;0,00;0,00;0,00;0,00;0,00;0,00;0,00;0,00;0,00;0,00;0,00;0,00;0,00;0,00;0,00;0,00;440010,00
2026-05-04;81;48;182883;182883;;80;23140632139;SCHOLLES OMAR ALBERTO;80;30585569379;1,00;$;0,00;0,00;0,00;0,00;0,00;0,00;0,00;125769,96;598904,57;0,00;0,00;598904,57;0,00;0,00;0,00;125769,96;858795,80
2026-05-05;1;9;17297;17297;86184196266120;80;20074876510;MUSCHALEK CARLOS;80;30585569379;1,00;$;;;;;;;;13696,22;65220,10;;;65220,10;0,00;0,00;0,00;13696,22;78916,32
2026-05-05;1;16;39502;39502;86184203834216;80;30711740712;AGUAS MISIONERAS SOCIEDAD DEL ESTADO E. E.;80;30585569379;1,00;$;;;;;;;;826,58;3936,11;;;3936,11;0,00;0,00;0,00;826,58;4762,69
2026-05-05;1;3;25699;25699;86184314192234;80;30716024349;DON CAMACHO DISTRIBUCIONES S.R.L;80;30585569379;1,00;$;;;;;;;;29869,93;142237,78;;;142237,78;0,00;0,00;4267,13;29869,93;176374,84
2026-05-05;1;4;6605;6605;86184254716350;80;20160594749;SANCHEZ MIGUEL;80;30585569379;1,00;$;;;;;;44043,05;419457,62;;;;;419457,62;0,00;0,00;0,00;44043,05;463500,70
2026-05-05;81;48;182937;182937;;80;23140632139;SCHOLLES OMAR ALBERTO;80;30585569379;1,00;$;0,00;0,00;0,00;0,00;0,00;0,00;0,00;11507,64;54798,29;0,00;0,00;54798,29;0,00;0,00;0,00;11507,64;74998,87
2026-05-06;1;8;212993;212993;86184380468194;80;30707851895;TRANSPORTE GARAY S.A.;80;30585569379;1,00;$;;;;;;;;501900,00;2390000,00;;;2390000,00;0,00;0,00;79109,00;501900,00;2971009,00
2026-05-06;1;18;100922;100922;86194550092035;80;30603866092;FRIGORIFICO SAN FRANCISCO S.A.I.C. Y A. S. A.;80;30585569379;1,00;$;;;;;;84998,24;809507,08;;;;;809507,08;0,00;0,00;26794,68;84998,24;921300,00
2026-05-06;1;2;2358;2358;86184418788554;80;20255002881;KALEÑUK NESTOR FERNANDO;80;30585569379;1,00;$;;;;;;;;61627,54;293464,48;;;293464,48;0,00;0,00;0,00;61627,54;355092,00
2026-05-06;1;14;757419;757419;86184385078505;80;30678196165;TERMINAL 4  S A;80;30585569379;1,00;$;;;;;;;;179181,45;853245,00;;;853245,00;0,00;0,00;0,00;179181,45;1032426,45
2026-05-07;1;4;2460;2460;86194600801668;80;20120535103;BARRIOS JULIO CESAR;80;30585569379;1,00;$;;;;;;;;56280,00;268000,00;;;268000,00;0,00;0,00;0,00;56280,00;324280,00
2026-05-07;1;4;1221;1221;86194569951165;80;20283378277;KWASZKA ALEXANDER ARIEL;80;30585569379;1,00;$;;;;;;;;36179,27;172282,25;;;172282,25;0,00;0,00;10871,01;36179,27;219332,53
2026-05-07;1;3;18;18;86194572623741;80;20131359234;FRANDOVIAK PABLO BENJAMIN;80;30585569379;1,00;$;;;;;;;;958020,00;4562000,00;;;4562000,00;0,00;0,00;0,00;958020,00;5520020,00
2026-05-07;1;3;19;19;86194573065618;80;20131359234;FRANDOVIAK PABLO BENJAMIN;80;30585569379;1,00;$;;;;;;;;658812,00;3137200,00;;;3137200,00;0,00;0,00;0,00;658812,00;3796012,00
2026-05-07;1;1;768;768;86194632670195;80;30717640124;TODO BARATO S. R. L.;80;30585569379;1,00;$;;;;;;;;329638,92;1569709,14;;;1569709,14;0,00;0,00;0,00;329638,92;1899348,00
2026-05-07;11;3;452;452;86194598838728;80;20245770481;LEMHOFER ERNESTO GERARDO;80;30585569379;1,00;$;0,00;0,00;0,00;0,00;0,00;0,00;0,00;0,00;0,00;0,00;0,00;0,00;0,00;0,00;0,00;0,00;145000,00
2026-05-08;1;26;677515;677515;86194630107322;80;30637530158;COOPERATIVA FRIGORIFICA LEANDRO N ALEM;80;30585569379;1,00;$;;;;;;;;51104,78;243356,08;;;243356,08;0,00;0,00;7300,68;51104,78;301761,54
2026-05-08;1;8;12794;12794;86194645745756;80;30707261001;SERVI-SUP SRL;80;30585569379;1,00;$;;;;;;;;13693,91;65209,11;;;65209,11;0,00;0,00;0,00;13693,91;78903,02
2026-05-08;1;3;25713;25713;86194694798198;80;30716024349;DON CAMACHO DISTRIBUCIONES S.R.L;80;30585569379;1,00;$;;;;;;;;8804,19;41924,73;;;41924,73;348,00;0,00;0,00;8804,19;51076,92
2026-05-08;1;5;1950;1950;86194698123071;80;23317899459;LABANDOCZKA ORLANDO FABIAN;80;30585569379;1,00;$;;;;;;;;34117,21;162462,91;;;162462,91;0,00;0,00;0,00;34117,21;196580,12
2026-05-08;1;5;1951;1951;86194698326303;80;23317899459;LABANDOCZKA ORLANDO FABIAN;80;30585569379;1,00;$;;;;;;;;734,11;3495,76;;;3495,76;0,00;0,00;0,00;734,11;4229,87
2026-05-08;11;2;44;44;86194633202513;80;20257281516;WEGNER ERNESTO FABIAN;80;30585569379;1,00;$;0,00;0,00;0,00;0,00;0,00;0,00;0,00;0,00;0,00;0,00;0,00;0,00;0,00;0,00;0,00;0,00;1311200,00
2026-05-08;11;3;5;5;86194649080041;80;27242368350;CARBALLO SANDRA PAOLA;80;30585569379;1,00;$;0,00;0,00;0,00;0,00;0,00;0,00;0,00;0,00;0,00;0,00;0,00;0,00;0,00;0,00;0,00;0,00;426920,00
2026-05-08;11;2;32;32;86194705310062;80;20134712644;OLEYNIEZAK JUAN CARLOS;80;30585569379;1,00;$;0,00;0,00;0,00;0,00;0,00;0,00;0,00;0,00;0,00;0,00;0,00;0,00;0,00;0,00;0,00;0,00;2908400,00
2026-05-08;81;48;183192;183192;;80;23140632139;SCHOLLES OMAR ALBERTO;80;30585569379;1,00;$;0,00;0,00;0,00;0,00;0,00;0,00;0,00;16110,87;76718,43;0,00;0,00;76718,43;0,00;0,00;0,00;16110,87;103720,00
2026-05-09;1;7;30210;30210;86194800426614;80;30711486670;DEL LIBANO S.R.L.;80;30585569379;1,00;$;;;;;;;;40090,40;190906,66;;;190906,66;0,00;0,00;0,00;40090,40;230997,08
2026-05-11;1;9;17326;17326;86195056592673;80;20074876510;MUSCHALEK CARLOS;80;30585569379;1,00;$;;;;;;;;7927,76;37751,22;;;37751,22;0,00;0,00;0,00;7927,76;45678,98
2026-05-11;1;5;28175;28175;86195103432988;80;30716512149;COMPAÑIA ELECTRICA SRL;80;30585569379;1,00;$;;;;;;10449,89;99522,75;92936,15;442553,10;;;542075,85;0,00;0,00;17942,71;103386,04;663404,60
2026-05-11;1;5;28177;28177;86195104031045;80;30716512149;COMPAÑIA ELECTRICA SRL;80;30585569379;1,00;$;;;;;;20563,32;195841,17;43871,22;208910,58;;;404751,75;0,00;0,00;0,00;64434,54;469186,29
2026-05-11;1;2;445;445;86195043884497;80;27136587272;GUARDIA MIRIAN BEATRIZ;80;30585569379;1,00;$;;;;;;;;21000,00;100000,00;;;100000,00;0,00;0,00;0,00;21000,00;121000,00
2026-05-11;3;9;669;669;86195056267759;80;20074876510;MUSCHALEK CARLOS;80;30585569379;1,00;$;;;;;;;;13696,22;65220,10;;;65220,10;0,00;0,00;0,00;13696,22;78916,32
2026-05-12;1;3;5142;5142;86195289216704;80;20303633740;MICHALOVSKI ANTONIO RAFAEL;80;30585569379;1,00;$;;;;;;34230,00;326000,00;;;;;326000,00;0,00;0,00;10790,60;34230,00;371020,60
2026-05-12;1;4;127;127;86195263664306;80;20300182586;ROGACZEWSKI PEDRO ARIEL;80;30585569379;1,00;$;;;;;;;;31500,00;150000,00;;;150000,00;0,00;0,00;0,00;31500,00;181500,00
2026-05-12;11;2;197135;197135;86195249016797;80;30525525046;CAMARA ARGENTINA DE COMERCIO Y SERVICIOS;80;30585569379;1,00;$;0,00;0,00;0,00;0,00;0,00;0,00;0,00;0,00;0,00;0,00;0,00;0,00;0,00;0,00;0,00;0,00;24000,00
2026-05-12;11;1;64;64;86195180065858;80;20374710045;GLANZEL GERARDO;80;30585569379;1,00;$;0,00;0,00;0,00;0,00;0,00;0,00;0,00;0,00;0,00;0,00;0,00;0,00;0,00;0,00;0,00;0,00;175000,00
2026-05-12;81;48;183410;183410;;80;23140632139;SCHOLLES OMAR ALBERTO;80;30585569379;1,00;$;0,00;0,00;0,00;0,00;0,00;0,00;0,00;13426,44;63935,43;0,00;0,00;63935,43;0,00;0,00;0,00;13426,44;91000,11
2026-05-12;81;48;183422;183422;;80;23140632139;SCHOLLES OMAR ALBERTO;80;30585569379;1,00;$;0,00;0,00;0,00;0,00;0,00;0,00;0,00;40277,17;191796,05;0,00;0,00;191796,05;0,00;0,00;0,00;40277,17;259300,00
2026-05-13;1;4;10634;10634;86195396327154;80;30709944629;954 LINCOLN SA;80;30585569379;1450,00;USD;;;;;;;;77,70;370,00;;;370,00;0,00;525,00;0,00;77,70;972,70
2026-05-13;1;18;101163;101163;86205546470987;80;30603866092;FRIGORIFICO SAN FRANCISCO S.A.I.C. Y A. S. A.;80;30585569379;1,00;$;;;;;;62791,50;598014,24;;;;;598014,24;0,00;0,00;19794,27;62791,50;680600,01
2026-05-13;1;122;16632;16632;86206084986754;80;30707811516;TOURNE & TOURNE S.A.;80;30585569379;1,00;$;;;;;;;;330769,85;1575094,51;;;1575094,51;0,00;0,00;52135,63;330769,85;1957999,99
2026-05-13;81;48;183490;183490;;80;23140632139;SCHOLLES OMAR ALBERTO;80;30585569379;1,00;$;0,00;0,00;0,00;0,00;0,00;0,00;0,00;13310,40;63382,86;0,00;0,00;63382,86;0,00;0,00;0,00;13310,40;87999,79
2026-05-14;1;4;1231;1231;86205560383309;80;20283378277;KWASZKA ALEXANDER ARIEL;80;30585569379;1,00;$;;;;;;;;4872,85;23204,07;;;23204,07;0,00;0,00;0,00;4872,85;28076,92
2026-05-14;1;4;101466;101466;86205563540822;80;30711543267;BINDER RULEMANES S.A.;80;30585569379;1,00;$;;;;;;;;131023,55;623921,69;;;623921,69;0,00;0,00;0,00;131023,55;754945,24
2026-05-14;1;10;1512;1512;86205641610487;80;20252937464;FRANK EDMUNDO FERNAN;80;30585569379;1,00;$;;;;;;;;68248,72;324993,90;;;324993,90;0,00;0,00;10757,30;68248,72;404000,00
2026-05-14;11;2;54;54;86205563486865;80;20075589191;SAUDER BERNARDO;80;30585569379;1,00;$;0,00;0,00;0,00;0,00;0,00;0,00;0,00;0,00;0,00;0,00;0,00;0,00;0,00;0,00;0,00;0,00;1223200,00
2026-05-14;11;2;45;45;86205560920253;80;20257281516;WEGNER ERNESTO FABIAN;80;30585569379;1,00;$;0,00;0,00;0,00;0,00;0,00;0,00;0,00;0,00;0,00;0,00;0,00;0,00;0,00;0,00;0,00;0,00;858000,00
2026-05-14;11;2;16;16;86205515214917;80;23347336319;WAYER CRISTIAN ARIEL;80;30585569379;1,00;$;0,00;0,00;0,00;0,00;0,00;0,00;0,00;0,00;0,00;0,00;0,00;0,00;0,00;0,00;0,00;0,00;1196800,00
2026-05-14;81;48;183559;183559;;80;23140632139;SCHOLLES OMAR ALBERTO;80;30585569379;1,00;$;0,00;0,00;0,00;0,00;0,00;0,00;0,00;75689,16;360424,57;0,00;0,00;360424,57;0,00;0,00;0,00;75689,16;493290,00
2026-05-14;81;48;183560;183560;;80;23140632139;SCHOLLES OMAR ALBERTO;80;30585569379;1,00;$;0,00;0,00;0,00;0,00;0,00;0,00;0,00;10239,67;48760,33;0,00;0,00;48760,33;0,00;0,00;0,00;10239,67;59000,00
2026-05-15;1;7;898898;898898;86205759064902;80;30708169575;ABARCA S.R.L.;80;30585569379;1,00;$;;;;;;;;92880,05;442285,95;;;442285,95;0,00;0,00;27908,23;92880,05;563074,23
2026-05-15;1;7;898899;898899;86205759064957;80;30708169575;ABARCA S.R.L.;80;30585569379;1,00;$;;;;;;;;46176,26;219886,95;;;219886,95;0,00;0,00;6596,62;46176,26;272659,83
2026-05-15;1;7;898900;898900;86205759064999;80;30708169575;ABARCA S.R.L.;80;30585569379;1,00;$;;;;;;;;54533,72;259684,38;;;259684,38;0,00;0,00;7790,51;54533,72;322008,61
2026-05-15;1;7;898901;898901;86205759065089;80;30708169575;ABARCA S.R.L.;80;30585569379;1,00;$;;;;;;;;35254,84;167880,20;;;167880,20;0,00;0,00;5036,42;35254,84;208171,46
2026-05-15;1;7;898902;898902;86205759065165;80;30708169575;ABARCA S.R.L.;80;30585569379;1,00;$;;;;;;;;59230,77;282051,28;;;282051,28;0,00;0,00;8461,54;59230,77;349743,59
2026-05-15;1;7;898903;898903;86205759065296;80;30708169575;ABARCA S.R.L.;80;30585569379;1,00;$;;;;;;;;17299,40;82378,08;;;82378,08;0,00;0,00;0,00;17299,40;99677,48
2026-05-15;1;3;1557122;1557122;86205844805308;80;30716370964;ARGENPAY S.A.U.;80;30585569379;1,00;$;;;;;;;;425,69;2027,10;;;2027,10;0,00;0,00;0,00;425,69;2452,79
2026-05-15;1;18;101243;101243;86205824003973;80;30603866092;FRIGORIFICO SAN FRANCISCO S.A.I.C. Y A. S. A.;80;30585569379;1,00;$;;;;;;6919,43;65899,31;;;;;65899,31;0,00;0,00;2181,27;6919,43;75000,01
2026-05-15;1;2;277;277;86205698344850;80;20131359234;FRANDOVIAK PABLO BENJAMIN;80;30585569379;1,00;$;;;;;;;;194040,00;924000,00;;;924000,00;0,00;0,00;0,00;194040,00;1118040,00
2026-05-15;81;48;183723;183723;;80;23140632139;SCHOLLES OMAR ALBERTO;80;30585569379;1,00;$;0,00;0,00;0,00;0,00;0,00;0,00;0,00;24853,03;118347,76;0,00;0,00;118347,76;0,00;0,00;0,00;24853,03;160001,07
2026-05-15;81;7;19333;19333;;80;30717718611;R Y K S. A. S.;80;30585569379;1,00;$;0,00;0,00;0,00;0,00;0,00;0,00;0,00;32443,79;154494,24;0,00;0,00;154494,24;0,00;0,00;0,00;32443,79;186938,03
2026-05-18;11;1;51;51;86206003924038;80;20208846850;FIGUEREDO HECTOR;80;30585569379;1,00;$;0,00;0,00;0,00;0,00;0,00;0,00;0,00;0,00;0,00;0,00;0,00;0,00;0,00;0,00;0,00;0,00;430100,00
2026-05-19;1;5;131634;131634;86206208602833;80;30547110427;SGS ARGENTINA S. A.;80;30585569379;1397,00;USD;;;;;;;;263,34;1254,00;;;1254,00;0,00;0,00;41,51;263,34;1558,85
2026-05-19;1;4;91;91;86206217504057;80;23411927709;LARROZA ALDO SEBASTIAN GABRIEL;80;30585569379;1,00;$;;;;;;;;65196,39;310459,00;;;310459,00;0,00;0,00;0,00;65196,39;375655,39
2026-05-19;81;48;184010;184010;;80;23140632139;SCHOLLES OMAR ALBERTO;80;30585569379;1,00;$;0,00;0,00;0,00;0,00;0,00;0,00;0,00;9666,59;46031,38;0,00;0,00;46031,38;0,00;0,00;0,00;9666,59;63000,18
2026-05-20;1;3;25779;25779;86206325929820;80;30716024349;DON CAMACHO DISTRIBUCIONES S.R.L;80;30585569379;1,00;$;;;;;;;;17531,15;83481,65;;;83481,65;987,20;0,00;0,00;17531,15;101999,99
2026-05-20;1;18;101405;101405;86216448532970;80;30603866092;FRIGORIFICO SAN FRANCISCO S.A.I.C. Y A. S. A.;80;30585569379;1,00;$;;;;;;93421,49;889728,50;;;;;889728,50;0,00;0,00;29450,01;93421,49;1012600,00
2026-05-21;1;26;680579;680579;86216385792687;80;30637530158;COOPERATIVA FRIGORIFICA LEANDRO N ALEM;80;30585569379;1,00;$;;;;;;;;25921,13;123433,93;;;123433,93;0,00;0,00;3703,02;25921,13;153058,08
2026-05-21;1;7;901116;901116;86216512840603;80;30708169575;ABARCA S.R.L.;80;30585569379;1,00;$;;;;;;;;13435,48;63978,48;;;63978,48;0,00;0,00;0,00;13435,48;77413,96
2026-05-21;1;3950;7156967;7156967;86216569235516;80;30639453738;TELECOM ARGENTINA SOCIEDAD ANONIMA;80;30585569379;1,00;$;;;;;;;;5633,70;26827,15;42,96;159,12;26986,27;0,00;0,00;809,58;5676,66;33472,51
2026-05-21;11;23;23748;23748;86216431060441;80;30612098863;CONSEJO PROFESIONAL DE CIENCIAS ECONOMICAS DE MISIONES;80;30585569379;1,00;$;0,00;0,00;0,00;0,00;0,00;0,00;0,00;0,00;0,00;0,00;0,00;0,00;0,00;0,00;0,00;0,00;16800,00
2026-05-21;11;2;17;17;86216475466216;80;23347336319;WAYER CRISTIAN ARIEL;80;30585569379;1,00;$;0,00;0,00;0,00;0,00;0,00;0,00;0,00;0,00;0,00;0,00;0,00;0,00;0,00;0,00;0,00;0,00;1183600,00
2026-05-21;11;2;18;18;86216475629004;80;23347336319;WAYER CRISTIAN ARIEL;80;30585569379;1,00;$;0,00;0,00;0,00;0,00;0,00;0,00;0,00;0,00;0,00;0,00;0,00;0,00;0,00;0,00;0,00;0,00;2254000,00
2026-05-22;1;32;10013;10013;86216611799349;80;30660920451;GRUAS SAN BLAS S A;80;30585569379;1410,00;USD;;;;;;;;14,32;68,21;;;68,21;0,00;0,00;0,00;14,32;82,53
2026-05-22;1;1331;2517815;2517815;86216695057002;80;30663288497;AMX ARGENTINA SOCIEDAD ANONIMA;80;30585569379;1,00;$;;;;;;;;694,58;3307,50;2783,03;10307,50;13615,00;0,00;0,00;408,45;3477,61;17501,06
2026-05-22;1;2;63;63;86216547097138;80;20358401539;KATZ DIEGO GABRIEL;80;30585569379;1,00;$;;;;;;;;1204602,00;5736200,00;;;5736200,00;0,00;0,00;0,00;1204602,00;6940802,00
2026-05-22;11;2;33;33;86216633343127;80;20134712644;OLEYNIEZAK JUAN CARLOS;80;30585569379;1,00;$;0,00;0,00;0,00;0,00;0,00;0,00;0,00;0,00;0,00;0,00;0,00;0,00;0,00;0,00;0,00;0,00;1449000,00
2026-05-23;1;4;661;661;86216747171995;80;20356946082;BARASZ ADRIAN VICTOR;80;30585569379;1,00;$;;;;;;;;15793,38;75206,57;;;75206,57;0,00;0,00;0,00;15793,38;90999,96
2026-05-23;81;48;184308;184308;;80;23140632139;SCHOLLES OMAR ALBERTO;80;30585569379;1,00;$;0,00;0,00;0,00;0,00;0,00;0,00;0,00;15053,53;71683,48;0,00;0,00;71683,48;0,00;0,00;0,00;15053,53;102028,00
2026-05-25;1;5;1651;1651;86216930037977;80;20324149644;KRILL RENE EUGENIO;80;30585569379;1,00;$;;;;;;;;185787,00;884700,00;;;884700,00;0,00;0,00;0,00;185787,00;1070487,00
2026-05-26;1;4;6639;6639;86217035250079;80;20160594749;SANCHEZ MIGUEL;80;30585569379;1,00;$;;;;;;36346,18;346154,10;;;;;346154,10;0,00;0,00;0,00;36346,18;382500,28
2026-05-26;11;2;40;40;86216987182094;80;20067248997;PAEZ DALMACIO RAMON;80;30585569379;1,00;$;0,00;0,00;0,00;0,00;0,00;0,00;0,00;0,00;0,00;0,00;0,00;0,00;0,00;0,00;0,00;0,00;119000,00
2026-05-27;1;3;25810;25810;86217187062814;80;30716024349;DON CAMACHO DISTRIBUCIONES S.R.L;80;30585569379;1,00;$;;;;;;;;12820,82;61051,54;;;61051,54;1358,40;0,00;0,00;12820,82;75230,76
2026-05-27;1;5;402798;402798;86217188014605;80;30708098031;ECONOR S. R. L.;80;30585569379;1,00;$;;;;;;1666,68;15873,18;74631,32;355387,23;;;371260,41;0,00;0,00;10899,71;76298,00;458458,12
2026-05-27;1;5;402799;402799;86217188014689;80;30708098031;ECONOR S. R. L.;80;30585569379;1,00;$;;;;;;;;47511,89;226247,09;;;226247,09;0,00;0,00;6787,41;47511,89;280546,39
2026-05-27;1;40;587;587;86217122479464;80;30567223899;AUTOVALLE SOCIEDAD ANONIMA;80;30585569379;1,00;$;;;;;;;;19510,40;92906,65;;;92906,65;0,00;0,00;0,00;19510,40;112417,05
2026-05-27;81;48;184557;184557;;80;23140632139;SCHOLLES OMAR ALBERTO;80;30585569379;1,00;$;0,00;0,00;0,00;0,00;0,00;0,00;0,00;18143,33;86396,81;0,00;0,00;86396,81;0,00;0,00;0,00;18143,33;119952,00
2026-05-28;1;5;37585;37585;86227256273198;80;30709802999;DON GUILLERMO SRL;80;30585569379;1,00;$;;;;;;;;90617,15;431510,26;;;431510,26;0,00;0,00;14282,99;90617,15;536410,40
2026-05-28;1;8;27900;27900;86227306520624;80;30709746185;OUTSOURCING RRHH BURO S.R.L.;80;30585569379;1,00;$;;;;;;;;7744,38;36878,00;;;36878,00;0,00;0,00;0,00;7744,38;44622,38
2026-05-28;1;4;1245;1245;86227330752830;80;20283378277;KWASZKA ALEXANDER ARIEL;80;30585569379;1,00;$;;;;;;;;13416,99;63890,42;;;63890,42;0,00;0,00;0,00;13416,99;77307,41
2026-05-28;11;2;19;19;86227285564735;80;23347336319;WAYER CRISTIAN ARIEL;80;30585569379;1,00;$;0,00;0,00;0,00;0,00;0,00;0,00;0,00;0,00;0,00;0,00;0,00;0,00;0,00;0,00;0,00;0,00;2231000,00
2026-05-29;1;4;17281;17281;86227440510700;80;30630214447;UNION CEREALERA S.A.;80;30585569379;1,00;$;;;;;;;;464832,30;2213487,14;;;2213487,14;0,00;0,00;0,00;464832,30;2678319,44
2026-05-29;1;3;17456;17456;86227415947940;80;30710603851;U & G S. R. L.;80;30585569379;1,00;$;;;;;;;;96312,17;458629,36;;;458629,36;0,00;0,00;15180,63;96312,17;570122,16
2026-05-29;1;2;113;113;86227405248727;80;20206840073;VITALIS CARLOS;80;30585569379;1,00;$;;;;;;;;352044,00;1676400,00;;;1676400,00;0,00;0,00;0,00;352044,00;2028444,00
2026-05-29;1;2;114;114;86227405441897;80;20206840073;VITALIS CARLOS;80;30585569379;1,00;$;;;;;;;;567042,00;2700200,00;;;2700200,00;0,00;0,00;0,00;567042,00;3267242,00
2026-05-29;1;4;62;62;86227446038954;80;20274702630;WEBER MARIANO RAFAEL;80;30585569379;1,00;$;;;;;;;;188160,00;896000,00;;;896000,00;0,00;0,00;0,00;188160,00;1084160,00
2026-05-29;11;2;46;46;86227401124111;80;20257281516;WEGNER ERNESTO FABIAN;80;30585569379;1,00;$;0,00;0,00;0,00;0,00;0,00;0,00;0,00;0,00;0,00;0,00;0,00;0,00;0,00;0,00;0,00;0,00;588800,00
2026-05-29;11;1;12;12;86227514604086;80;20082991299;SANCHEZ EUSEBIO LUIS;80;30585569379;1,00;$;0,00;0,00;0,00;0,00;0,00;0,00;0,00;0,00;0,00;0,00;0,00;0,00;0,00;0,00;0,00;0,00;3233800,00
2026-05-29;17;5;1623812;1623812;37200006319089;80;30545836900;ELECTRICIDAD DE MISIONES S. A.;;;1,00;$;0,00;0,00;0,00;0,00;0,00;0,00;0,00;29123,84;138684,95;0,00;0,00;138684,95;0,00;0,00;3116,52;29123,84;87020,94
2026-05-29;81;9;50186;50186;;80;27290747436;LABANDOCZKA SILVIA MARIANA;80;30585569379;1,00;$;0,00;0,00;0,00;0,00;0,00;0,00;0,00;121892,46;580440,29;0,00;0,00;580440,29;0,00;0,00;0,00;121892,46;835731,04
2026-05-30;1;3;5151;5151;86227936181315;80;20303633740;MICHALOVSKI ANTONIO RAFAEL;80;30585569379;1,00;$;;;;;;36466,50;347300,00;;;;;347300,00;0,00;0,00;11495,63;36466,50;395262,13
2026-05-30;1;3;5150;5150;86227934606495;80;20303633740;MICHALOVSKI ANTONIO RAFAEL;80;30585569379;1,00;$;;;;;;23572,50;224500,00;;;;;224500,00;0,00;0,00;7430,95;23572,50;255503,45
2026-06-01;1;9;2530;2530;86227834214326;80;33683265689;GAMPEL COMUNICACIONES SRL;80;30585569379;1,00;$;;;;;;;;12116,79;57699,00;;;57699,00;0,00;0,00;0,00;12116,79;69815,79
2026-06-01;1;7;30678;30678;86227895530778;80;30711486670;DEL LIBANO S.R.L.;80;30585569379;1,00;$;;;;;;;;161036,42;766840,11;;;766840,11;0,00;0,00;25382,41;161036,42;953258,94
2026-06-01;1;51;15278;15278;86228000241418;80;30707530207;BOSCO  S. A.;80;30585569379;1,00;$;;;;;;;;5900,83;28099,17;;;28099,17;0,00;0,00;0,00;5900,83;34000,00
2026-06-01;1;3;151;151;86227807829146;80;30698107924;TEALERA LIBERTAD SRL;80;30585569379;1,00;$;;;;;;;;2899142,40;13805440,00;;;13805440,00;0,00;0,00;456960,06;2899142,40;17161542,46
2026-06-01;1;2;1501;1501;86227893781860;80;20329854621;GABROUSKI CRISTIAN MATIAS;80;30585569379;1,00;$;;;;;;;;867799,80;4132380,00;;;4132380,00;0,00;0,00;136781,78;867799,80;5136961,58
2026-06-01;11;6;186;186;86227876234751;80;20169444995;CHAVES ROSSBERG LUIS ARIEL;80;30585569379;1,00;$;0,00;0,00;0,00;0,00;0,00;0,00;0,00;0,00;0,00;0,00;0,00;0,00;0,00;0,00;0,00;0,00;75000,00
2026-06-01;11;5;154;154;86227918077481;80;20145130116;ARENHARDT NELSON BERNARDO;80;30585569379;1,00;$;0,00;0,00;0,00;0,00;0,00;0,00;0,00;0,00;0,00;0,00;0,00;0,00;0,00;0,00;0,00;0,00;308970,00
2026-06-02;1;9;6649;6649;86227988063468;80;20137617170;DE LIMA RUBEN;80;30585569379;1,00;$;;;;;;;;83464,08;397448,00;;;397448,00;0,00;0,00;13155,53;83464,08;494067,61
2026-06-02;1;10;186;186;86228237333341;80;23166972329;WEGNER EDVINO;80;30585569379;1,00;$;;;;;;;;22440,52;106859,62;;;106859,62;0,00;0,00;0,00;22440,52;129300,10
2026-06-02;81;48;184936;184936;;80;23140632139;SCHOLLES OMAR ALBERTO;80;30585569379;1,00;$;0,00;0,00;0,00;0,00;0,00;0,00;0,00;75069,36;357473,14;0,00;0,00;357473,14;0,00;0,00;0,00;75069,36;470660,00
2026-06-02;81;48;184976;184976;;80;23140632139;SCHOLLES OMAR ALBERTO;80;30585569379;1,00;$;0,00;0,00;0,00;0,00;0,00;0,00;0,00;25076,70;119412,86;0,00;0,00;119412,86;0,00;0,00;0,00;25076,70;161999,41
2026-06-03;1;16;39885;39885;86228163470344;80;30711740712;AGUAS MISIONERAS SOCIEDAD DEL ESTADO E. E.;80;30585569379;1,00;$;;;;;;;;877,29;4177,55;;;4177,55;0,00;0,00;0,00;877,29;5054,84
2026-06-03;1;5;403092;403092;86228227037276;80;30708098031;ECONOR S. R. L.;80;30585569379;1,00;$;;;;;;;;11866,75;56508,33;;;56508,33;0,00;0,00;0,00;11866,75;68375,08
2026-06-03;1;3;2435;2435;86228187300227;80;33717137219;FULL PLAY SERVICIOS S.R.L.;80;30585569379;1,00;$;;;;;;;;3297,52;15702,48;;;15702,48;0,00;0,00;0,00;3297,52;19000,00
2026-06-03;11;2;20;20;86228252378377;80;23347336319;WAYER CRISTIAN ARIEL;80;30585569379;1,00;$;0,00;0,00;0,00;0,00;0,00;0,00;0,00;0,00;0,00;0,00;0,00;0,00;0,00;0,00;0,00;0,00;3459200,00
2026-06-04;1;3;17472;17472;86238388109931;80;30710603851;U & G S. R. L.;80;30585569379;1,00;$;;;;;;;;63654,65;303117,39;;;303117,39;0,00;0,00;0,00;63654,65;366772,04
2026-06-04;1;4;1255;1255;86238385193159;80;20283378277;KWASZKA ALEXANDER ARIEL;80;30585569379;1,00;$;;;;;;;;21013,34;100063,54;;;100063,54;0,00;0,00;3001,91;21013,34;124078,79
2026-06-04;1;26;683723;683723;86238300727866;80;30637530158;COOPERATIVA FRIGORIFICA LEANDRO N ALEM;80;30585569379;1,00;$;;;;;;;;19222,98;91538,02;;;91538,02;0,00;0,00;0,00;19222,98;110761,00
2026-06-04;1;4;271;271;86238394551652;80;20347337650;DA LUZ FLAVIO ERIC;80;30585569379;1,00;$;;;;;;;;4130,58;19669,43;;;19669,43;0,00;0,00;0,00;4130,58;23800,00
2026-06-04;1;2;64;64;86238410226089;80;20358401539;KATZ DIEGO GABRIEL;80;30585569379;1,00;$;;;;;;;;1055838,00;5027800,00;;;5027800,00;0,00;0,00;0,00;1055838,00;6083638,00
2026-06-04;1;2;278;278;86238387396849;80;20131359234;FRANDOVIAK PABLO BENJAMIN;80;30585569379;1,00;$;;;;;;;;1003674,00;4779400,00;;;4779400,00;0,00;0,00;0,00;1003674,00;5783074,00
2026-06-04;11;2;280;280;86238387547886;80;20350075179;ZARRATEA DIEGO OMAR;80;30585569379;1,00;$;0,00;0,00;0,00;0,00;0,00;0,00;0,00;0,00;0,00;0,00;0,00;0,00;0,00;0,00;0,00;0,00;140000,00
2026-06-04;11;2;55;55;86238335077553;80;20075589191;SAUDER BERNARDO;80;30585569379;1,00;$;0,00;0,00;0,00;0,00;0,00;0,00;0,00;0,00;0,00;0,00;0,00;0,00;0,00;0,00;0,00;0,00;655600,00
2026-06-04;81;48;185124;185124;;80;23140632139;SCHOLLES OMAR ALBERTO;80;30585569379;1,00;$;0,00;0,00;0,00;0,00;0,00;0,00;0,00;17387,05;82795,48;0,00;0,00;82795,48;0,00;0,00;0,00;17387,05;117467,99
2026-06-04;81;48;185129;185129;;80;23140632139;SCHOLLES OMAR ALBERTO;80;30585569379;1,00;$;0,00;0,00;0,00;0,00;0,00;0,00;0,00;24147,89;114989,95;0,00;0,00;114989,95;0,00;0,00;0,00;24147,89;155999,15
2026-06-05;1;2;115;115;86238520680915;80;20206840073;VITALIS CARLOS;80;30585569379;1,00;$;;;;;;;;231000,00;1100000,00;;;1100000,00;0,00;0,00;0,00;231000,00;1331000,00
2026-06-05;1;4;100;100;86238470970493;80;20304573792;VITKOSKI RUBEN OSCAR;80;30585569379;1,00;$;;;;;;;;483336,00;2301600,00;;;2301600,00;0,00;0,00;0,00;483336,00;2784936,00
2026-06-05;1;4;1;1;86238519637615;80;20364084901;BENITEZ LEANDRO ANIBAL;80;30585569379;1,00;$;;;;;;;;230173,12;1096062,48;;;1096062,48;0,00;0,00;0,00;230173,12;1326235,62
2026-06-05;11;1;40;40;86238534480067;80;27145130927;DALL AGNESE LIDIA;80;30585569379;1,00;$;0,00;0,00;0,00;0,00;0,00;0,00;0,00;0,00;0,00;0,00;0,00;0,00;0,00;0,00;0,00;0,00;734800,00
2026-06-05;81;48;185244;185244;;80;23140632139;SCHOLLES OMAR ALBERTO;80;30585569379;1,00;$;0,00;0,00;0,00;0,00;0,00;0,00;0,00;15597,15;74272,14;0,00;0,00;74272,14;0,00;0,00;0,00;15597,15;100760,00
2026-06-06;1;3;25868;25868;86238652093619;80;30716024349;DON CAMACHO DISTRIBUCIONES S.R.L;80;30585569379;1,00;$;;;;;;;;38026,70;181079,53;;;181079,53;3990,40;0,00;3917,32;38026,70;227013,95
2026-06-06;11;2;8;8;86238641161575;80;20123788606;RIEGEL RAUL ALEJANDRO;80;30585569379;1,00;$;0,00;0,00;0,00;0,00;0,00;0,00;0,00;0,00;0,00;0,00;0,00;0,00;0,00;0,00;0,00;0,00;321200,00
2026-06-08;1;3;1566952;1566952;86238971002418;80;30716370964;ARGENPAY S.A.U.;80;30585569379;1,00;$;;;;;;;;241,50;1150,00;;;1150,00;0,00;0,00;0,00;241,50;1391,50
2026-06-08;1;18;102059;102059;86239050990878;80;30603866092;FRIGORIFICO SAN FRANCISCO S.A.I.C. Y A. S. A.;80;30585569379;1,00;$;;;;;;76574,99;729285,65;;;;;729285,65;0,00;0,00;24139,36;76574,99;830000,00
2026-06-08;1;5;1654;1654;86238837643504;80;20324149644;KRILL RENE EUGENIO;80;30585569379;1,00;$;;;;;;;;334063,80;1590780,00;;;1590780,00;0,00;0,00;0,00;334063,80;1924843,80
2026-06-08;1;1;577;577;86238910309025;80;27381878754;MARKENDORF MICAELA;80;30585569379;1,00;$;;;;;;;;133872,63;637488,71;;;637488,71;0,00;0,00;0,00;133872,63;771361,35
2026-06-08;1;31;329395;329395;86238856247826;80;30655534462;VISUAR S.A.;80;30585569379;1,00;$;;;;;;;;46651,07;222147,95;;;222147,95;0,00;0,00;0,00;46651,07;268799,00
2026-06-08;11;4;344;344;86238868587177;80;27041829783;PROCACCI MATILDE NELIDA;80;30585569379;1,00;$;0,00;0,00;0,00;0,00;0,00;0,00;0,00;0,00;0,00;0,00;0,00;0,00;0,00;0,00;0,00;0,00;225700,00
2026-06-09;1;40;662;662;86239010581522;80;30567223899;AUTOVALLE SOCIEDAD ANONIMA;80;30585569379;1,00;$;;;;;;;;11965,83;56980,13;;;56980,13;0,00;0,00;0,00;11965,83;68945,96
2026-06-09;1;9;37751;37751;86239054268908;80;33710457749;SINERGIA INDUSTRIAL S.R.L.;80;30585569379;1,00;$;;;;;;;;60900,00;290000,00;;;290000,00;0,00;0,00;2320,00;60900,00;353220,00
2026-06-09;11;1;68;68;86239087548684;80;20374710045;GLANZEL GERARDO;80;30585569379;1,00;$;0,00;0,00;0,00;0,00;0,00;0,00;0,00;0,00;0,00;0,00;0,00;0,00;0,00;0,00;0,00;0,00;345000,00
2026-06-09;81;48;185514;185514;;80;23140632139;SCHOLLES OMAR ALBERTO;80;30585569379;1,00;$;0,00;0,00;0,00;0,00;0,00;0,00;0,00;14000,79;66670,43;0,00;0,00;66670,43;0,00;0,00;0,00;14000,79;90998,87
2026-06-10;1;21;20558;20558;86239163578971;80;30562924112;EXPRESO SINGER SOCIEDAD ANONIMA DE TRANSPORTE;80;30585569379;1,00;$;;;;;;;;4050,40;19287,60;;;19287,60;0,00;0,00;0,00;4050,40;23338,00
2026-06-10;1;6;13027;13027;86239182398862;80;27128986117;OBERMAN MYRTA;80;30585569379;1,00;$;9300,00;;;;;;;12756,20;60743,80;;;70043,80;0,00;0,00;0,00;12756,20;82800,00
2026-06-10;1;5;403414;403414;86239222278876;80;30708098031;ECONOR S. R. L.;80;30585569379;1,00;$;;;;;;;;14367,75;68417,86;;;68417,86;0,00;0,00;0,00;14367,75;82785,61
2026-06-10;1;2;279;279;86249290048853;80;20131359234;FRANDOVIAK PABLO BENJAMIN;80;30585569379;1,00;$;;;;;;;;224112,00;1067200,00;;;1067200,00;0,00;0,00;0,00;224112,00;1291312,00
2026-06-10;11;3;463;463;86239259115760;80;20245770481;LEMHOFER ERNESTO GERARDO;80;30585569379;1,00;$;0,00;0,00;0,00;0,00;0,00;0,00;0,00;0,00;0,00;0,00;0,00;0,00;0,00;0,00;0,00;0,00;164000,00
2026-06-10;81;48;185548;185548;;80;23140632139;SCHOLLES OMAR ALBERTO;80;30585569379;1,00;$;0,00;0,00;0,00;0,00;0,00;0,00;0,00;100128,70;476803,33;0,00;0,00;476803,33;0,00;0,00;0,00;100128,70;679659,91
2026-06-11;1;142;741;741;86249297445436;80;30708673974;EL CONDOR S.R.L.;80;30585569379;1,00;$;;;;;;53860,82;512960,18;1038455,21;4945024,79;;;5457984,97;0,00;0,00;327750,26;1092316,03;6878051,26
2026-06-11;1;4;1262;1262;86249378239483;80;20283378277;KWASZKA ALEXANDER ARIEL;80;30585569379;1,00;$;;;;;;;;12308,96;58614,11;;;58614,11;0,00;0,00;0,00;12308,96;70923,07
2026-06-11;1;122;16876;16876;86249910368243;80;30707811516;TOURNE & TOURNE S.A.;80;30585569379;1,00;$;;;;;;37058,82;352941,18;118100,72;562384,36;;;915325,54;0,00;0,00;18614,92;155159,54;1089100,00
2026-06-11;1;122;16877;16877;86249910877758;80;30707811516;TOURNE & TOURNE S.A.;80;30585569379;1,00;$;;;;;;;;33495,87;159504,13;;;159504,13;0,00;0,00;0,00;33495,87;193000,00
2026-06-11;11;2;119;119;86249309701990;80;20418718901;ARMELINI JONATHAN ORLANDO;80;30585569379;1,00;$;0,00;0,00;0,00;0,00;0,00;0,00;0,00;0,00;0,00;0,00;0,00;0,00;0,00;0,00;0,00;0,00;413337,00
2026-06-11;11;2;56;56;86249321311081;80;20075589191;SAUDER BERNARDO;80;30585569379;1,00;$;0,00;0,00;0,00;0,00;0,00;0,00;0,00;0,00;0,00;0,00;0,00;0,00;0,00;0,00;0,00;0,00;387200,00
2026-06-11;11;2;41;41;86249293870159;80;27140882998;COSTA CARMEN GLADIS;80;30585569379;1,00;$;0,00;0,00;0,00;0,00;0,00;0,00;0,00;0,00;0,00;0,00;0,00;0,00;0,00;0,00;0,00;0,00;2490400,00
2026-06-11;11;2;21;21;86249389422789;80;23347336319;WAYER CRISTIAN ARIEL;80;30585569379;1,00;$;0,00;0,00;0,00;0,00;0,00;0,00;0,00;0,00;0,00;0,00;0,00;0,00;0,00;0,00;0,00;0,00;2392000,00
2026-06-12;1;8;507;507;86249443083720;80;30715807129;TORBER S.A.;80;30585569379;1,00;$;;;;;;;;16322,73;77727,27;;;77727,27;0,00;14050,00;0,00;16322,73;108100,00
2026-06-12;1;122;16909;16909;86240141332672;80;30707811516;TOURNE & TOURNE S.A.;80;30585569379;1,00;$;;;;;;;;297321,21;1415815,30;;;1415815,30;0,00;0,00;46863,49;297321,21;1760000,00
2026-06-12;1;2;320;320;86249530793228;80;20330743140;HUT JONATHAN  ANIBAL;80;30585569379;1,00;$;;;;;;;;67200,00;320000,00;;;320000,00;0,00;0,00;0,00;67200,00;387200,00
2026-06-12;11;1;69;69;86249443394924;80;20374710045;GLANZEL GERARDO;80;30585569379;1,00;$;0,00;0,00;0,00;0,00;0,00;0,00;0,00;0,00;0,00;0,00;0,00;0,00;0,00;0,00;0,00;0,00;110000,00
2026-06-12;11;1;41;41;86249451921933;80;27145130927;DALL AGNESE LIDIA;80;30585569379;1,00;$;0,00;0,00;0,00;0,00;0,00;0,00;0,00;0,00;0,00;0,00;0,00;0,00;0,00;0,00;0,00;0,00;3164800,00
2026-06-12;81;48;185695;185695;;80;23140632139;SCHOLLES OMAR ALBERTO;80;30585569379;1,00;$;0,00;0,00;0,00;0,00;0,00;0,00;0,00;21439,06;102090,76;0,00;0,00;102090,76;0,00;0,00;0,00;21439,06;138499,66
2026-06-15;1;3;1576639;1576639;86240025603374;80;30716370964;ARGENPAY S.A.U.;80;30585569379;1,00;$;;;;;;;;320,75;1527,40;;;1527,40;0,00;0,00;0,00;320,75;1848,15
2026-06-15;1;2;2416;2416;86250265843172;80;20221456441;ZIMMERMANN CARLOS ALBERTO;80;30585569379;1,00;$;;;;;;;;56700,00;270000,00;;;270000,00;0,00;0,00;0,00;56700,00;326700,00
2026-06-16;1;4;6664;6664;86249934401430;80;20160594749;SANCHEZ MIGUEL;80;30585569379;1,00;$;;;;;;38674,27;368326,38;;;;;368326,38;0,00;0,00;0,00;38674,27;407000,67
2026-06-16;15;1;588;588;86249947101694;80;30707354719;CAMARA DE ELABORADORES DE TE ARGENTINO C. E. T.A.;80;30585569379;1,00;$;0,00;0,00;0,00;0,00;0,00;0,00;0,00;0,00;0,00;0,00;0,00;0,00;0,00;0,00;0,00;0,00;223560,00
2026-06-16;81;48;185946;185946;;80;23140632139;SCHOLLES OMAR ALBERTO;80;30585569379;1,00;$;0,00;0,00;0,00;0,00;0,00;0,00;0,00;17021,59;81055,19;0,00;0,00;81055,19;0,00;0,00;0,00;17021,59;114998,91
2026-06-17;1;18;102400;102400;86250241299070;80;30603866092;FRIGORIFICO SAN FRANCISCO S.A.I.C. Y A. S. A.;80;30585569379;1,00;$;;;;;;85800,90;817151,40;;;;;817151,40;0,00;0,00;27047,71;85800,90;930000,01
2026-06-17;1;2;779;779;86240058200127;80;20162051165;ANGELONI RAUL CESAR;80;30585569379;1,00;$;;;;;;;;347130,00;1653000,00;;;1653000,00;0,00;0,00;0,00;347130,00;2000130,00
2026-06-17;1;4;115;115;86240036437251;80;20242367546;PEREIRA RUBEN ANIBAL;80;30585569379;1,00;$;;;;;;;;71400,00;340000,00;;;340000,00;0,00;0,00;0,00;71400,00;411400,00
2026-06-17;11;2;22;22;86240142279138;80;23347336319;WAYER CRISTIAN ARIEL;80;30585569379;1,00;$;0,00;0,00;0,00;0,00;0,00;0,00;0,00;0,00;0,00;0,00;0,00;0,00;0,00;0,00;0,00;0,00;910800,00
2026-06-17;81;116;6879;6879;;80;30543294760;ADOLFO SARTORI S A;80;30585569379;1,00;$;0,00;0,00;0,00;0,00;0,00;0,00;0,00;2506,49;11935,67;0,00;0,00;11935,67;0,00;0,00;0,00;2506,49;14500,00
2026-06-18;1;26;687041;687041;86250176721056;80;30637530158;COOPERATIVA FRIGORIFICA LEANDRO N ALEM;80;30585569379;1,00;$;;;;;;;;40965,89;195075,67;;;195075,67;0,00;0,00;5852,27;40965,89;241893,83
2026-06-18;1;5;5215;5215;86250264413276;80;30717241513;DISTRIBUIDORA PARANA SRL;80;30585569379;1,00;$;;;;;;;;3436,36;16363,64;;;16363,64;0,00;0,00;0,00;3436,36;19800,00
2026-06-18;1;4;1268;1268;86250278716193;80;20283378277;KWASZKA ALEXANDER ARIEL;80;30585569379;1,00;$;;;;;;;;3204,15;15257,85;;;15257,85;0,00;0,00;0,00;3204,15;18462,00
2026-06-18;1;4;1269;1269;86250279861120;80;20283378277;KWASZKA ALEXANDER ARIEL;80;30585569379;1,00;$;;;;;;;;3204,15;15257,85;;;15257,85;0,00;0,00;0,00;3204,15;18462,00
2026-06-18;1;4;1270;1270;86250280071932;80;20283378277;KWASZKA ALEXANDER ARIEL;80;30585569379;1,00;$;;;;;;;;11830,70;56336,65;;;56336,65;0,00;0,00;0,00;11830,70;68167,35
2026-06-18;1;3;363;363;86250920835323;80;23278371689;SPENGLER DIEGO ROLANDO;80;30585569379;1,00;$;;;;;;;;26033,02;123966,76;;;123966,76;0,00;0,00;0,00;26033,02;149999,77
2026-06-18;1;5;1660;1660;86250185168434;80;20324149644;KRILL RENE EUGENIO;80;30585569379;1,00;$;;;;;;;;191431,80;911580,00;;;911580,00;0,00;0,00;0,00;191431,80;1103011,80
2026-06-18;3;4;43;43;86250279224116;80;20283378277;KWASZKA ALEXANDER ARIEL;80;30585569379;1,00;$;;;;;;;;3204,15;15257,85;;;15257,85;0,00;0,00;0,00;3204,15;18462,00
2026-06-19;1;18;102476;102476;86250515591045;80;30603866092;FRIGORIFICO SAN FRANCISCO S.A.I.C. Y A. S. A.;80;30585569379;1,00;$;;;;;;59202,62;563834,46;;;;;563834,46;0,00;0,00;18662,92;59202,62;641700,00
2026-06-19;1;2;280;280;86250398852383;80;20131359234;FRANDOVIAK PABLO BENJAMIN;80;30585569379;1,00;$;;;;;;;;698901,00;3328100,00;;;3328100,00;0,00;0,00;0,00;698901,00;4027001,00
2026-06-19;1;2;65;65;86250324640306;80;20358401539;KATZ DIEGO GABRIEL;80;30585569379;1,00;$;;;;;;;;815892,00;3885200,00;;;3885200,00;0,00;0,00;0,00;815892,00;4701092,00
2026-06-19;1;10;208;208;86261171833847;80;23166972329;WEGNER EDVINO;80;30585569379;1,00;$;;;;;;;;153338,22;730182,00;;;730182,00;0,00;0,00;0,00;153338,22;883520,22
2026-06-19;11;2;120;120;86250329761839;80;27307530487;OLYNIZACK GLADYS CRISTINA;80;30585569379;1,00;$;0,00;0,00;0,00;0,00;0,00;0,00;0,00;0,00;0,00;0,00;0,00;0,00;0,00;0,00;0,00;0,00;722200,00
2026-06-19;11;1;42;42;86250404247414;80;27145130927;DALL AGNESE LIDIA;80;30585569379;1,00;$;0,00;0,00;0,00;0,00;0,00;0,00;0,00;0,00;0,00;0,00;0,00;0,00;0,00;0,00;0,00;0,00;2313800,00
2026-06-19;11;2;81;81;86250337115274;80;20218525920;SUAREZ RUBEN OSCAR;80;30585569379;1,00;$;0,00;0,00;0,00;0,00;0,00;0,00;0,00;0,00;0,00;0,00;0,00;0,00;0,00;0,00;0,00;0,00;2405800,00
2026-06-19;11;5;9;9;86250319922706;80;27201181270;BUKAY OLIVIA EUGENIA;80;30585569379;1,00;$;0,00;0,00;0,00;0,00;0,00;0,00;0,00;0,00;0,00;0,00;0,00;0,00;0,00;0,00;0,00;0,00;3680000,00
2026-06-19;81;48;186156;186156;;80;23140632139;SCHOLLES OMAR ALBERTO;80;30585569379;1,00;$;0,00;0,00;0,00;0,00;0,00;0,00;0,00;13374,65;63688,81;0,00;0,00;63688,81;0,00;0,00;0,00;13374,65;90360,00
2026-06-20;1;3;364;364;86250921937608;80;23278371689;SPENGLER DIEGO ROLANDO;80;30585569379;1,00;$;;;;;;;;20826,45;99173,57;;;99173,57;0,00;0,00;0,00;20826,45;120000,00
2026-06-21;1;3950;7445888;7445888;86250878400061;80;30639453738;TELECOM ARGENTINA SOCIEDAD ANONIMA;80;30585569379;1,00;$;;;;;;;;5746,51;27364,34;31,05;115,00;27479,34;0,00;0,00;824,38;5777,56;34081,28
2026-06-22;1;1340;163881;163881;86250831616407;80;30663288497;AMX ARGENTINA SOCIEDAD ANONIMA;80;30585569379;1,00;$;;;;;;;;765,98;3647,50;2874,83;10647,50;14295,00;0,00;0,00;428,85;3640,81;18364,66
2026-06-22;1;2;118;118;86250679562244;80;20206840073;VITALIS CARLOS;80;30585569379;1,00;$;;;;;;;;460152,00;2191200,00;;;2191200,00;0,00;0,00;0,00;460152,00;2651352,00
2026-06-22;81;48;186338;186338;;80;23140632139;SCHOLLES OMAR ALBERTO;80;30585569379;1,00;$;0,00;0,00;0,00;0,00;0,00;0,00;0,00;20974,65;99879,29;0,00;0,00;99879,29;0,00;0,00;0,00;20974,65;135499,53
2026-06-23;1;10;21425;21425;86250883627518;80;20286297839;MAGANAS SERGIO ESTEBAN;80;30585569379;1,00;$;;;;;;;;11520,34;54858,75;;;54858,75;0,00;0,00;0,00;11520,34;66379,09
2026-06-23;1;8;28699;28699;86250854713849;80;30709746185;OUTSOURCING RRHH BURO S.R.L.;80;30585569379;1,00;$;;;;;;;;7744,38;36878,00;;;36878,00;0,00;0,00;0,00;7744,38;44622,38
2026-06-23;1;5;7054;7054;86250878726077;80;30707477179;ROSARIO BOLSAS S.R.L.;80;30585569379;1,00;$;;;;;;;;508317,60;2420560,00;;;2420560,00;0,00;0,00;0,00;508317,60;2928877,60
2026-06-24;1;3;365;365;86261676931266;80;23278371689;SPENGLER DIEGO ROLANDO;80;30585569379;1,00;$;;;;;;;;19090,91;90909,10;;;90909,10;0,00;0,00;0,00;19090,91;110000,01
2026-06-25;1;4;1277;1277;86261168938817;80;20283378277;KWASZKA ALEXANDER ARIEL;80;30585569379;1,00;$;;;;;;;;16033,69;76350,92;;;76350,92;0,00;0,00;0,00;16033,69;92384,61
2026-06-25;1;5;2870;2870;86261138766598;80;33575022699;LAS TRES ERRES SRL;80;30585569379;1,00;$;;;;;;;;297835,53;1418264,45;;;1418264,45;0,00;0,00;34634,64;297835,53;1750734,62
2026-06-25;1;5;2871;2871;86261139311397;80;33575022699;LAS TRES ERRES SRL;80;30585569379;1,00;$;;;;;;;;45486,06;216600,26;;;216600,26;0,00;0,00;0,00;45486,06;262086,32
2026-06-25;1;2;323;323;86261149718800;80;20163843057;DIELLO ISRAEL;80;30585569379;1,00;$;;;;;;;;279972,00;1333200,00;;;1333200,00;0,00;0,00;0,00;279972,00;1613172,00
2026-06-25;11;3;29;29;86261154129488;80;20075807512;DATCHKE ELVINO;80;30585569379;1,00;$;0,00;0,00;0,00;0,00;0,00;0,00;0,00;0,00;0,00;0,00;0,00;0,00;0,00;0,00;0,00;0,00;3270600,00
2026-06-25;11;3;1675;1675;86261159860197;80;27201181270;BUKAY OLIVIA EUGENIA;80;30585569379;1,00;$;0,00;0,00;0,00;0,00;0,00;0,00;0,00;0,00;0,00;0,00;0,00;0,00;0,00;0,00;0,00;0,00;1968800,00
2026-06-25;11;2;9;9;86261174966718;80;20123788606;RIEGEL RAUL ALEJANDRO;80;30585569379;1,00;$;0,00;0,00;0,00;0,00;0,00;0,00;0,00;0,00;0,00;0,00;0,00;0,00;0,00;0,00;0,00;0,00;292800,00
2026-06-25;11;2;23;23;86261178409152;80;23347336319;WAYER CRISTIAN ARIEL;80;30585569379;1,00;$;0,00;0,00;0,00;0,00;0,00;0,00;0,00;0,00;0,00;0,00;0,00;0,00;0,00;0,00;0,00;0,00;754400,00
2026-06-25;81;48;186542;186542;;80;23140632139;SCHOLLES OMAR ALBERTO;80;30585569379;1,00;$;0,00;0,00;0,00;0,00;0,00;0,00;0,00;88584,54;421831,14;0,00;0,00;421831,14;0,00;0,00;0,00;88584,54;591885,51
2026-06-26;1;6;6731;6731;86261285900515;80;30716512149;COMPAÑIA ELECTRICA SRL;80;30585569379;1,00;$;;;;;;4173,10;39743,77;69834,54;332545,43;;;372289,20;0,00;0,00;0,00;74007,64;446296,84
2026-06-26;1;7;914265;914265;86261360440223;80;30708169575;ABARCA S.R.L.;80;30585569379;1,00;$;;;;;;;;91094,46;433783,14;;;433783,14;0,00;0,00;27371,75;91094,46;552249,35
2026-06-26;1;7;914266;914266;86261360440236;80;30708169575;ABARCA S.R.L.;80;30585569379;1,00;$;;;;;;;;87426,98;416318,97;;;416318,97;0,00;0,00;12489,56;87426,98;516235,51
2026-06-26;1;7;914267;914267;86261360440281;80;30708169575;ABARCA S.R.L.;80;30585569379;1,00;$;;;;;;;;6278,86;29899,32;;;29899,32;0,00;0,00;0,00;6278,86;36178,18
2026-06-26;1;7;914268;914268;86261360440312;80;30708169575;ABARCA S.R.L.;80;30585569379;1,00;$;;;;;;;;39162,84;186489,72;;;186489,72;0,00;0,00;5594,67;39162,84;231247,23
2026-06-26;1;7;914275;914275;86261360440590;80;30708169575;ABARCA S.R.L.;80;30585569379;1,00;$;;;;;;;;12827,84;61084,95;;;61084,95;0,00;0,00;0,00;12827,84;73912,79
2026-06-26;1;2;119;119;86261319424500;80;20206840073;VITALIS CARLOS;80;30585569379;1,00;$;;;;;;;;443184,00;2110400,00;;;2110400,00;0,00;0,00;0,00;443184,00;2553584,00
2026-06-26;11;1;71;71;86261249600712;80;20374710045;GLANZEL GERARDO;80;30585569379;1,00;$;0,00;0,00;0,00;0,00;0,00;0,00;0,00;0,00;0,00;0,00;0,00;0,00;0,00;0,00;0,00;0,00;135000,00
2026-06-26;81;48;186591;186591;;80;23140632139;SCHOLLES OMAR ALBERTO;80;30585569379;1,00;$;0,00;0,00;0,00;0,00;0,00;0,00;0,00;16873,80;80351,43;0,00;0,00;80351,43;0,00;0,00;0,00;16873,80;114000,43
2026-06-27;1;4;102412;102412;86261383656083;80;30711543267;BINDER RULEMANES S.A.;80;30585569379;1,00;$;;;;;;;;129365,32;616025,32;;;616025,32;0,00;0,00;0,00;129365,32;745390,64
2026-06-27;1;7;177;177;86261808014338;80;20411921612;KATZ DIEGO GUSTAVO;80;30585569379;1,00;$;;;;;;;;2101302,00;10006200,00;;;10006200,00;0,00;0,00;331205,22;2101302,00;12438707,22
2026-06-27;81;48;186664;186664;;80;23140632139;SCHOLLES OMAR ALBERTO;80;30585569379;1,00;$;0,00;0,00;0,00;0,00;0,00;0,00;0,00;25231,28;120148,95;0,00;0,00;120148,95;0,00;0,00;0,00;25231,28;166130,00
2026-06-29;1;7;31233;31233;86261660055848;80;30711486670;DEL LIBANO S.R.L.;80;30585569379;1,00;$;;;;;;;;42592,75;202822,61;;;202822,61;0,00;0,00;0,00;42592,75;245415,38
2026-06-29;1;6;1536;1536;86261676287598;80;20174630748;DO SANTOS SAMUEL;80;30585569379;1,00;$;;;;;;;;6741,00;32100,00;;;32100,00;0,00;0,00;0,00;6741,00;38841,00
2026-06-29;11;1;72;72;86261594535326;80;20374710045;GLANZEL GERARDO;80;30585569379;1,00;$;0,00;0,00;0,00;0,00;0,00;0,00;0,00;0,00;0,00;0,00;0,00;0,00;0,00;0,00;0,00;0,00;565000,00
2026-06-29;11;3;303;303;86261613881774;80;20213047087;MARIN GONZALO ERNESTO;80;30585569379;1,00;$;0,00;0,00;0,00;0,00;0,00;0,00;0,00;0,00;0,00;0,00;0,00;0,00;0,00;0,00;0,00;0,00;265000,00
2026-06-29;81;9;51170;51170;;80;27290747436;LABANDOCZKA SILVIA MARIANA;80;30585569379;1,00;$;0,00;0,00;0,00;0,00;0,00;0,00;0,00;92459,82;440284,86;0,00;0,00;440284,86;0,00;0,00;0,00;92459,82;622936,20
2026-06-30;1;3;1586703;1586703;86261973649972;80;30716370964;ARGENPAY S.A.U.;80;30585569379;1,00;$;;;;;;;;97,23;462,99;;;462,99;0,00;0,00;0,00;97,23;560,22
2026-06-30;1;4;1655;1655;86261828635251;80;30505967557;PELIZZOLA Y CIA SRL;80;30585569379;1,00;$;;;;;;;;288099,17;1371900,81;;;1371900,81;0,00;0,00;45409,92;288099,17;1705409,92
2026-06-30;1;4;104;104;86261817598518;80;20304573792;VITKOSKI RUBEN OSCAR;80;30585569379;1,00;$;;;;;;;;1470000,00;7000000,00;;;7000000,00;0,00;0,00;0,00;1470000,00;8470000,00
2026-06-30;1;3;5159;5159;86272335379814;80;20303633740;MICHALOVSKI ANTONIO RAFAEL;80;30585569379;1,00;$;;;;;;22890,00;218000,00;;;;;218000,00;0,00;0,00;7215,80;22890,00;248105,80
2026-06-30;1;3;5158;5158;86272334251922;80;20303633740;MICHALOVSKI ANTONIO RAFAEL;80;30585569379;1,00;$;;;;;;34965,00;333000,00;;;;;333000,00;0,00;0,00;11022,30;34965,00;378987,30
2026-06-30;3;7;26605;26605;86261740357670;80;30708169575;ABARCA S.R.L.;80;30585569379;1,00;$;;;;;;;;1734,62;8260,08;;;8260,08;0,00;0,00;247,80;1734,62;10242,50
2026-06-30;17;5;1639457;1639457;37240006365045;80;30545836900;ELECTRICIDAD DE MISIONES S. A.;;;1,00;$;0,00;0,00;0,00;0,00;0,00;0,00;0,00;36923,60;175826,67;0,00;0,00;175826,67;0,00;0,00;3649,62;36923,60;110024,78
2026-07-01;1;51;15458;15458;86261768448843;80;30707530207;BOSCO  S. A.;80;30585569379;1,00;$;;;;;;;;5900,83;28099,17;;;28099,17;0,00;0,00;0,00;5900,83;34000,00
2026-07-01;1;5;404410;404410;86262011452209;80;30708098031;ECONOR S. R. L.;80;30585569379;1,00;$;;;;;;;;83228,00;396323,82;;;396323,82;0,00;0,00;11889,71;83228,00;491441,53
2026-07-01;1;9;2551;2551;86261922130953;80;33683265689;GAMPEL COMUNICACIONES SRL;80;30585569379;1,00;$;;;;;;;;12116,79;57699,00;;;57699,00;0,00;0,00;0,00;12116,79;69815,79
2026-07-01;1;3;2457;2457;86272199738637;80;33717137219;FULL PLAY SERVICIOS S.R.L.;80;30585569379;1,00;$;;;;;;;;3297,52;15702,48;;;15702,48;0,00;0,00;0,00;3297,52;19000,00
2026-07-01;11;6;196;196;86262049666973;80;20169444995;CHAVES ROSSBERG LUIS ARIEL;80;30585569379;1,00;$;0,00;0,00;0,00;0,00;0,00;0,00;0,00;0,00;0,00;0,00;0,00;0,00;0,00;0,00;0,00;0,00;75000,00
2026-07-01;11;2;10;10;86261931908350;80;20123788606;RIEGEL RAUL ALEJANDRO;80;30585569379;1,00;$;0,00;0,00;0,00;0,00;0,00;0,00;0,00;0,00;0,00;0,00;0,00;0,00;0,00;0,00;0,00;0,00;326400,00
2026-07-02;1;26;690276;690276;86272084623756;80;30637530158;COOPERATIVA FRIGORIFICA LEANDRO N ALEM;80;30585569379;1,00;$;;;;;;20480,26;195050,05;43512,75;207203,56;;;402253,61;0,00;0,00;6216,11;63993,01;472462,73
2026-07-02;1;2;324;324;86272157458656;80;20163843057;DIELLO ISRAEL;80;30585569379;1,00;$;;;;;;;;217728,00;1036800,00;;;1036800,00;0,00;0,00;0,00;217728,00;1254528,00
2026-07-02;1;3;20;20;86272104898182;80;20131359234;FRANDOVIAK PABLO BENJAMIN;80;30585569379;1,00;$;;;;;;;;85680,00;408000,00;;;408000,00;0,00;0,00;0,00;85680,00;493680,00
2026-07-02;1;2;1507;1507;86272102876784;80;20329854621;GABROUSKI CRISTIAN MATIAS;80;30585569379;1,00;$;;;;;;;;483336,00;2301600,00;;;2301600,00;0,00;0,00;76182,96;483336,00;2861118,96
2026-07-02;1;5;1666;1666;86272092198242;80;20324149644;KRILL RENE EUGENIO;80;30585569379;1,00;$;;;;;;;;359977,80;1714180,00;;;1714180,00;0,00;0,00;0,00;359977,80;2074157,80
2026-07-02;11;1;74;74;86272177958533;80;20374710045;GLANZEL GERARDO;80;30585569379;1,00;$;0,00;0,00;0,00;0,00;0,00;0,00;0,00;0,00;0,00;0,00;0,00;0,00;0,00;0,00;0,00;0,00;260000,00
2026-07-02;11;1;52;52;86272125591795;80;20208846850;FIGUEREDO HECTOR;80;30585569379;1,00;$;0,00;0,00;0,00;0,00;0,00;0,00;0,00;0,00;0,00;0,00;0,00;0,00;0,00;0,00;0,00;0,00;825600,00
2026-07-02;11;3;1676;1676;86272177185729;80;27201181270;BUKAY OLIVIA EUGENIA;80;30585569379;1,00;$;0,00;0,00;0,00;0,00;0,00;0,00;0,00;0,00;0,00;0,00;0,00;0,00;0,00;0,00;0,00;0,00;2080800,00
2026-07-02;11;3;345;345;86272197443242;80;20112889311;KUMMRITZ HELMUTH OTTO;80;30585569379;1,00;$;0,00;0,00;0,00;0,00;0,00;0,00;0,00;0,00;0,00;0,00;0,00;0,00;0,00;0,00;0,00;0,00;166668,00
2026-07-02;11;5;155;155;86272198228612;80;20145130116;ARENHARDT NELSON BERNARDO;80;30585569379;1,00;$;0,00;0,00;0,00;0,00;0,00;0,00;0,00;0,00;0,00;0,00;0,00;0,00;0,00;0,00;0,00;0,00;656730,00
2026-07-02;81;48;186923;186923;;80;23140632139;SCHOLLES OMAR ALBERTO;80;30585569379;1,00;$;0,00;0,00;0,00;0,00;0,00;0,00;0,00;22404,82;106689,62;0,00;0,00;106689,62;0,00;0,00;0,00;22404,82;146001,24
2026-07-03;1;4;2553;2553;86272260846766;80;20120535103;BARRIOS JULIO CESAR;80;30585569379;1,00;$;;;;;;;;78697,50;374750,00;;;374750,00;0,00;0,00;0,00;78697,50;453447,50
2026-07-03;1;3;40752;40752;86272354900831;80;30714941999;EL ARTESANO SRL;80;30585569379;1,00;$;;;;;;;;63234,13;301114,85;;;301114,85;0,00;0,00;0,00;63234,13;364348,98
2026-07-03;1;3;40753;40753;86272358209199;80;30714941999;EL ARTESANO SRL;80;30585569379;1,00;$;;;;;;;;20349,77;96903,67;;;96903,67;0,00;0,00;0,00;20349,77;117253,44
2026-07-03;11;3;50;50;86272265043652;80;27144226998;YENKALA LIDIA;80;30585569379;1,00;$;0,00;0,00;0,00;0,00;0,00;0,00;0,00;0,00;0,00;0,00;0,00;0,00;0,00;0,00;0,00;0,00;5054100,00
2026-07-03;11;2;121;121;86272260717999;80;27307530487;OLYNIZACK GLADYS CRISTINA;80;30585569379;1,00;$;0,00;0,00;0,00;0,00;0,00;0,00;0,00;0,00;0,00;0,00;0,00;0,00;0,00;0,00;0,00;0,00;678300,00
2026-07-03;11;2;40;40;86272252917987;80;20170194722;WIEDNER EUGENIO;80;30585569379;1,00;$;0,00;0,00;0,00;0,00;0,00;0,00;0,00;0,00;0,00;0,00;0,00;0,00;0,00;0,00;0,00;0,00;2371200,00
2026-07-03;51;1;49;49;86272293456727;80;27481972081;DESPO ORNELLA AGUSTINA;80;30585569379;1,00;$;;;;;;142590,00;1358000,00;;;;;1358000,00;0,00;0,00;0,00;142590,00;1500590,00
2026-07-03;81;48;187000;187000;;80;23140632139;SCHOLLES OMAR ALBERTO;80;30585569379;1,00;$;0,00;0,00;0,00;0,00;0,00;0,00;0,00;14986,73;71365,38;0,00;0,00;71365,38;0,00;0,00;0,00;14986,73;99960,00
2026-07-03;81;48;187041;187041;;80;23140632139;SCHOLLES OMAR ALBERTO;80;30585569379;1,00;$;0,00;0,00;0,00;0,00;0,00;0,00;0,00;15462,26;73629,81;0,00;0,00;73629,81;0,00;0,00;0,00;15462,26;100760,00
2026-07-06;1;16;40251;40251;86272647919702;80;30711740712;AGUAS MISIONERAS SOCIEDAD DEL ESTADO E. E.;80;30585569379;1,00;$;;;;;;;;877,29;4177,55;;;4177,55;0,00;0,00;0,00;877,29;5054,84
2026-07-06;1;18;103043;103043;86272882676013;80;30603866092;FRIGORIFICO SAN FRANCISCO S.A.I.C. Y A. S. A.;80;30585569379;1,00;$;;;;;;79637,99;758457,08;;;;;758457,08;0,00;0,00;25104,93;79637,99;863200,00
2026-07-06;1;2;120;120;86272631227606;80;20206840073;VITALIS CARLOS;80;30585569379;1,00;$;;;;;;;;411264,00;1958400,00;;;1958400,00;0,00;0,00;0,00;411264,00;2369664,00
2026-07-06;11;2;121;121;86272668235361;80;20170194714;WIEDNER ARNOLDO;80;30585569379;1,00;$;0,00;0,00;0,00;0,00;0,00;0,00;0,00;0,00;0,00;0,00;0,00;0,00;0,00;0,00;0,00;0,00;254400,00
2026-07-06;81;48;187200;187200;;80;23140632139;SCHOLLES OMAR ALBERTO;80;30585569379;1,00;$;0,00;0,00;0,00;0,00;0,00;0,00;0,00;132570,47;631287,95;0,00;0,00;631287,95;0,00;0,00;0,00;132570,47;907260,70
2026-07-07;1;7;918001;918001;86272935998991;80;30708169575;ABARCA S.R.L.;80;30585569379;1,00;$;;;;;;;;64991,06;309481,25;;;309481,25;0,00;0,00;9284,47;64991,06;383756,78
2026-07-07;1;4;6690;6690;86272861057272;80;20160594749;SANCHEZ MIGUEL;80;30585569379;1,00;$;;;;;;44185,62;420815,43;;;;;420815,43;0,00;0,00;0,00;44185,62;465001,02
2026-07-08;1;4;1290;1290;86273085391127;80;20283378277;KWASZKA ALEXANDER ARIEL;80;30585569379;1,00;$;;;;;;;;9171,64;43674,50;;;43674,50;0,00;0,00;0,00;9171,64;52846,14
2026-07-08;1;3;26028;26028;86273045265104;80;30716024349;DON CAMACHO DISTRIBUCIONES S.R.L;80;30585569379;1,00;$;;;;;;;;32826,07;156314,64;;;156314,64;4705,40;0,00;4689,44;32826,07;198535,55
2026-07-08;11;3;359;359;86272979737109;80;27220106654;KRUK DANIELA ANA;80;30585569379;1,00;$;0,00;0,00;0,00;0,00;0,00;0,00;0,00;0,00;0,00;0,00;0,00;0,00;0,00;0,00;0,00;0,00;130000,00
2026-07-08;11;2;42;42;86273057444653;80;27140882998;COSTA CARMEN GLADIS;80;30585569379;1,00;$;0,00;0,00;0,00;0,00;0,00;0,00;0,00;0,00;0,00;0,00;0,00;0,00;0,00;0,00;0,00;0,00;1425600,00
2026-07-09;1;3;214;214;86283216260240;80;20315012997;PIÑERO GABRIEL ROBERTO;80;30585569379;1,00;$;;;;;;;;88266,99;420319,00;;;420319,00;0,00;0,00;0,00;88266,99;508585,99
2026-07-10;1;2;325;325;86283256586332;80;20163843057;DIELLO ISRAEL;80;30585569379;1,00;$;;;;;;;;388080,00;1848000,00;;;1848000,00;0,00;0,00;0,00;388080,00;2236080,00
2026-07-10;1;2;66;66;86283335038926;80;20358401539;KATZ DIEGO GABRIEL;80;30585569379;1,00;$;;;;;;;;1415232,00;6739200,00;;;6739200,00;0,00;0,00;0,00;1415232,00;8154432,00
2026-07-10;1;4;137;137;86283279904298;80;20296632792;RIEGEL HECTOR RUBEN;80;30585569379;1,00;$;;;;;;;;308448,00;1468800,00;;;1468800,00;0,00;0,00;0,00;308448,00;1777248,00
2026-07-10;11;3;11;11;86283259948414;80;20221457103;DIELLO FABIAN CLAUDIO;80;30585569379;1,00;$;0,00;0,00;0,00;0,00;0,00;0,00;0,00;0,00;0,00;0,00;0,00;0,00;0,00;0,00;0,00;0,00;595200,00
2026-07-10;11;4;788;788;86283363587185;80;20418718901;ARMELINI JONATHAN ORLANDO;80;30585569379;1,00;$;0,00;0,00;0,00;0,00;0,00;0,00;0,00;0,00;0,00;0,00;0,00;0,00;0,00;0,00;0,00;0,00;293094,00
2026-07-10;11;1;75;75;86283293063330;80;20374710045;GLANZEL GERARDO;80;30585569379;1,00;$;0,00;0,00;0,00;0,00;0,00;0,00;0,00;0,00;0,00;0,00;0,00;0,00;0,00;0,00;0,00;0,00;630000,00
2026-07-10;11;2;43;43;86283257558912;80;20178546903;ERMANTRAUT ARMINDO;80;30585569379;1,00;$;0,00;0,00;0,00;0,00;0,00;0,00;0,00;0,00;0,00;0,00;0,00;0,00;0,00;0,00;0,00;0,00;753600,00
2026-07-10;11;2;24;24;86283353968036;80;23347336319;WAYER CRISTIAN ARIEL;80;30585569379;1,00;$;0,00;0,00;0,00;0,00;0,00;0,00;0,00;0,00;0,00;0,00;0,00;0,00;0,00;0,00;0,00;0,00;1422900,00
2026-07-10;11;2;41;41;86283258634902;80;20170194722;WIEDNER EUGENIO;80;30585569379;1,00;$;0,00;0,00;0,00;0,00;0,00;0,00;0,00;0,00;0,00;0,00;0,00;0,00;0,00;0,00;0,00;0,00;1708800,00
2026-07-10;11;4;352;352;86283283580346;80;27041829783;PROCACCI MATILDE NELIDA;80;30585569379;1,00;$;0,00;0,00;0,00;0,00;0,00;0,00;0,00;0,00;0,00;0,00;0,00;0,00;0,00;0,00;0,00;0,00;209000,00
2026-07-10;11;2;11;11;86283280539614;80;20123788606;RIEGEL RAUL ALEJANDRO;80;30585569379;1,00;$;0,00;0,00;0,00;0,00;0,00;0,00;0,00;0,00;0,00;0,00;0,00;0,00;0,00;0,00;0,00;0,00;921600,00
2026-07-10;11;2;122;122;86283280689695;80;27307530487;OLYNIZACK GLADYS CRISTINA;80;30585569379;1,00;$;0,00;0,00;0,00;0,00;0,00;0,00;0,00;0,00;0,00;0,00;0,00;0,00;0,00;0,00;0,00;0,00;418200,00
2026-07-10;81;48;187481;187481;;80;23140632139;SCHOLLES OMAR ALBERTO;80;30585569379;1,00;$;0,00;0,00;0,00;0,00;0,00;0,00;0,00;77900,51;370954,81;0,00;0,00;370954,81;0,00;0,00;0,00;77900,51;525322,16
2026-07-12;11;3;470;470;86283599555879;80;20245770481;LEMHOFER ERNESTO GERARDO;80;30585569379;1,00;$;0,00;0,00;0,00;0,00;0,00;0,00;0,00;0,00;0,00;0,00;0,00;0,00;0,00;0,00;0,00;0,00;164000,00
2026-07-13;1;2;121;121;86283616609910;80;20206840073;VITALIS CARLOS;80;30585569379;1,00;$;;;;;;;;694512,00;3307200,00;;;3307200,00;0,00;0,00;0,00;694512,00;4001712,00
2026-07-13;11;2;3;3;86283628856374;80;27145132644;LAUMANN LELIA LUCIA;80;30585569379;1,00;$;0,00;0,00;0,00;0,00;0,00;0,00;0,00;0,00;0,00;0,00;0,00;0,00;0,00;0,00;0,00;0,00;1642200,00
2026-07-13;11;2;4;4;86283670377255;80;27145132644;LAUMANN LELIA LUCIA;80;30585569379;1,00;$;0,00;0,00;0,00;0,00;0,00;0,00;0,00;0,00;0,00;0,00;0,00;0,00;0,00;0,00;0,00;0,00;1122000,00
2026-07-13;13;2;1;1;86283669925725;80;27145132644;LAUMANN LELIA LUCIA;80;30585569379;1,00;$;0,00;0,00;0,00;0,00;0,00;0,00;0,00;0,00;0,00;0,00;0,00;0,00;0,00;0,00;0,00;0,00;1642200,00
2026-07-13;81;48;187669;187669;;80;23140632139;SCHOLLES OMAR ALBERTO;80;30585569379;1,00;$;0,00;0,00;0,00;0,00;0,00;0,00;0,00;20025,95;95361,67;0,00;0,00;95361,67;0,00;0,00;0,00;20025,95;130499,31
2026-07-13;81;48;187692;187692;;80;23140632139;SCHOLLES OMAR ALBERTO;80;30585569379;1,00;$;0,00;0,00;0,00;0,00;0,00;0,00;0,00;10987,26;52320,29;0,00;0,00;52320,29;0,00;0,00;0,00;10987,26;75001,06
2026-07-14;1;2;887;887;86283816654015;80;20102661355;RONDINEAU HONORIO EUGENIO;80;30585569379;1,00;$;;;;;;;;1657320,00;7892000,00;;;7892000,00;0,00;0,00;0,00;1657320,00;9549320,00
2026-07-14;81;48;187744;187744;;80;23140632139;SCHOLLES OMAR ALBERTO;80;30585569379;1,00;$;0,00;0,00;0,00;0,00;0,00;0,00;0,00;23966,51;114126,24;0,00;0,00;114126,24;0,00;0,00;0,00;23966,51;156178,00
2026-07-15;1;3;26058;26058;86283998436699;80;30716024349;DON CAMACHO DISTRIBUCIONES S.R.L;80;30585569379;1,00;$;;;;;;;;10590,20;50429,50;;;50429,50;1288,00;0,00;0,00;10590,20;62307,70
2026-07-15;1;5;535;535;86284018167585;80;20354538815;MACKOW DENYS GABRIEL;80;30585569379;1,00;$;;;;;;;;95882,49;456583,27;;;456583,27;0,00;0,00;0,00;95882,49;552465,76
2026-07-15;1;8;644;644;86283953131779;80;30715807129;TORBER S.A.;80;30585569379;1,00;$;;;;;;;;27647,11;131652,89;;;131652,89;0,00;28100,00;0,00;27647,11;187400,00
2026-07-15;1;3;1596545;1596545;86294093905665;80;30716370964;ARGENPAY S.A.U.;80;30585569379;1,00;$;;;;;;;;195,72;932,00;;;932,00;0,00;0,00;0,00;195,72;1127,72
2026-07-15;1;2;2417;2417;86283931752810;80;20255002881;KALEÑUK NESTOR FERNANDO;80;30585569379;1,00;$;;;;;;;;9337,19;44462,81;;;44462,81;0,00;0,00;0,00;9337,19;53800,00
2026-07-15;1;7;183;183;86283952001890;80;20411921612;KATZ DIEGO GUSTAVO;80;30585569379;1,00;$;;;;;;;;9107269,50;43367950,00;;;43367950,00;0,00;0,00;1435479,15;9107269,50;53910698,65
2026-07-15;1;3;53;53;86283952950703;80;23327980114;RIEGEL ROSANA CARINA;80;30585569379;1,00;$;;;;;;;;1260000,00;6000000,00;;;6000000,00;0,00;0,00;0,00;1260000,00;7260000,00
2026-07-15;3;7;20;20;86283956146932;80;20411921612;KATZ DIEGO GUSTAVO;80;30585569379;1,00;$;;;;;;;;1045096,50;4976650,00;;;4976650,00;0,00;0,00;164727,11;1045096,50;6186473,61
2026-07-15;11;2;44;44;86283929833802;80;20178546903;ERMANTRAUT ARMINDO;80;30585569379;1,00;$;0,00;0,00;0,00;0,00;0,00;0,00;0,00;0,00;0,00;0,00;0,00;0,00;0,00;0,00;0,00;0,00;796800,00
2026-07-16;1;7;921063;921063;86294204437958;80;30708169575;ABARCA S.R.L.;80;30585569379;1,00;$;;;;;;;;7254,05;34543,09;;;34543,09;0,00;0,00;0,00;7254,05;41797,14
2026-07-16;1;7;921065;921065;86294204438019;80;30708169575;ABARCA S.R.L.;80;30585569379;1,00;$;;;;;;;;18600,05;88571,66;;;88571,66;0,00;0,00;0,00;18600,05;107171,71
2026-07-16;1;17;1038;1038;86294073124504;80;30715045970;MAS DISTRIBUCIONES S.R.L.;80;30585569379;1,00;$;;;;;;;;26908,67;128136,51;;;128136,51;0,00;0,00;3844,10;26908,67;158889,27
2026-07-16;1;8;217167;217167;86294151386128;80;30707851895;TRANSPORTE GARAY S. A.;80;30585569379;1,00;$;;;;;;;;161619,01;769614,34;;;769614,34;0,00;0,00;25474,23;161619,01;956707,58
2026-07-16;1;122;17162;17162;86294678753985;80;30707811516;TOURNE & TOURNE S.A.;80;30585569379;1,00;$;;;;;;37914,03;361086,00;78203,31;372396,71;;;733482,71;0,00;0,00;0,00;116117,34;849600,05
2026-07-16;1;2;281;281;86294143506696;80;20131359234;FRANDOVIAK PABLO BENJAMIN;80;30585569379;1,00;$;;;;;;;;1268171,10;6038910,00;;;6038910,00;0,00;0,00;0,00;1268171,10;7307081,10
2026-07-16;1;12;98;98;86294081374878;80;20084085651;NACIMENTO BONIFACIO;80;30585569379;1,00;$;;;;;;;;782180,70;3724670,00;;;3724670,00;0,00;0,00;0,00;782180,70;4506850,70
2026-07-17;1;2;326;326;86294231273991;80;20163843057;DIELLO ISRAEL;80;30585569379;1,00;$;;;;;;;;176400,00;840000,00;;;840000,00;0,00;0,00;0,00;176400,00;1016400,00
2026-07-17;1;4;138;138;86294310001248;80;20296632792;RIEGEL HECTOR RUBEN;80;30585569379;1,00;$;;;;;;;;277389,00;1320900,00;;;1320900,00;0,00;0,00;0,00;277389,00;1598289,00
2026-07-17;1;2;212;212;86294255265588;80;20116850096;FRANSKOVIAK JULIO;80;30585569379;1,00;$;;;;;;;;403767,00;1922700,00;;;1922700,00;0,00;0,00;0,00;403767,00;2326467,00
2026-07-17;11;5;10;10;86294228370845;80;27201181270;BUKAY OLIVIA EUGENIA;80;30585569379;1,00;$;0,00;0,00;0,00;0,00;0,00;0,00;0,00;0,00;0,00;0,00;0,00;0,00;0,00;0,00;0,00;0,00;2703000,00
2026-07-17;11;1;13;13;86294359783030;80;20082991299;SANCHEZ EUSEBIO LUIS;80;30585569379;1,00;$;0,00;0,00;0,00;0,00;0,00;0,00;0,00;0,00;0,00;0,00;0,00;0,00;0,00;0,00;0,00;0,00;4391100,00
2026-07-17;11;2;34;34;86294304578143;80;20134712644;OLEYNIEZAK JUAN CARLOS;80;30585569379;1,00;$;0,00;0,00;0,00;0,00;0,00;0,00;0,00;0,00;0,00;0,00;0,00;0,00;0,00;0,00;0,00;0,00;297600,00
2026-07-17;11;2;42;42;86294236070363;80;20170194722;WIEDNER EUGENIO;80;30585569379;1,00;$;0,00;0,00;0,00;0,00;0,00;0,00;0,00;0,00;0,00;0,00;0,00;0,00;0,00;0,00;0,00;0,00;1478400,00
2026-07-17;11;2;12;12;86294226898004;80;20123788606;RIEGEL RAUL ALEJANDRO;80;30585569379;1,00;$;0,00;0,00;0,00;0,00;0,00;0,00;0,00;0,00;0,00;0,00;0,00;0,00;0,00;0,00;0,00;0,00;1041600,00
2026-07-17;81;48;187968;187968;;80;23140632139;SCHOLLES OMAR ALBERTO;80;30585569379;1,00;$;0,00;0,00;0,00;0,00;0,00;0,00;0,00;11280,13;53714,90;0,00;0,00;53714,90;0,00;0,00;0,00;11280,13;77000,27
2026-07-20;1;2;122;122;86294608471250;80;20206840073;VITALIS CARLOS;80;30585569379;1,00;$;;;;;;;;877968,00;4180800,00;;;4180800,00;0,00;0,00;0,00;877968,00;5058768,00
2026-07-20;1;3;103;103;86294603799975;80;20237439563;WAYER LOTARIO ENRIQUE;80;30585569379;1,00;$;;;;;;;;210000,00;1000000,00;;;1000000,00;0,00;0,00;0,00;210000,00;1210000,00
2026-07-20;15;3;2228;2228;86305741955779;80;27182648502;DIAZ CIBILS SILVIA IVONNE;80;30585569379;1,00;$;0,00;0,00;0,00;0,00;0,00;0,00;0,00;0,00;0,00;0,00;0,00;0,00;0,00;0,00;0,00;0,00;3279603,31
2026-07-21;1;7;922280;922280;86294861748454;80;30708169575;ABARCA S.R.L.;80;30585569379;1,00;$;;;;;;;;46069,03;219376,35;;;219376,35;0,00;0,00;6581,28;46069,03;272026,66
2026-07-21;1;7;922282;922282;86294861748674;80;30708169575;ABARCA S.R.L.;80;30585569379;1,00;$;;;;;;;;8116,68;38650,88;;;38650,88;0,00;0,00;0,00;8116,68;46767,56
2026-07-21;1;3950;7734479;7734479;86295019493423;80;30639453738;TELECOM ARGENTINA SOCIEDAD ANONIMA;80;30585569379;1,00;$;;;;;;;;5848,91;27851,94;31,05;115,00;27966,94;0,00;0,00;839,01;5879,96;34685,91
2026-07-21;51;1;62;62;86294777161678;80;27481972081;DESPO ORNELLA AGUSTINA;80;30585569379;1,00;$;;;;;;;;180600,00;860000,00;;;860000,00;0,00;0,00;0,00;180600,00;1040600,00
2026-07-22;1;1340;320365;320365;86305080668259;80;30663288497;AMX ARGENTINA SOCIEDAD ANONIMA;80;30585569379;1,00;$;;;;;;;;841,05;4005,00;2971,35;11005,00;15010,00;0,00;0,00;450,30;3812,40;19272,70
2026-07-23;1;7;11165;11165;86305042896422;80;27313783443;DIEDRICH MARIA LORENA;80;30585569379;1,00;$;;;;;;;;8851,24;42148,76;;;42148,76;0,00;0,00;0,00;8851,24;51000,00
2026-07-23;1;141;751;751;86305040721540;80;30708673974;EL CONDOR S.R.L.;80;30585569379;1,00;$;;;;;;37671,15;358772,85;907470,67;4321288,90;;;4680061,75;0,00;0,00;284175,65;945141,82;5909379,22
2026-07-23;1;4;1305;1305;86305118445020;80;20283378277;KWASZKA ALEXANDER ARIEL;80;30585569379;1,00;$;;;;;;;;23563,52;112207,24;;;112207,24;0,00;0,00;3366,22;23563,52;139136,97
2026-07-23;1;2;67;67;86305071088827;80;20358401539;KATZ DIEGO GABRIEL;80;30585569379;1,00;$;;;;;;;;1606500,00;7650000,00;;;7650000,00;0,00;0,00;0,00;1606500,00;9256500,00
2026-07-23;11;3;53;53;86305056157989;80;23216846109;MASKO VICTOR HUGO;80;30585569379;1,00;$;0,00;0,00;0,00;0,00;0,00;0,00;0,00;0,00;0,00;0,00;0,00;0,00;0,00;0,00;0,00;0,00;1090000,00
2026-07-23;81;48;188285;188285;;80;23140632139;SCHOLLES OMAR ALBERTO;80;30585569379;1,00;$;0,00;0,00;0,00;0,00;0,00;0,00;0,00;25637,41;122082,90;0,00;0,00;122082,90;0,00;0,00;0,00;25637,41;165999,59
2026-07-23;81;48;188286;188286;;80;23140632139;SCHOLLES OMAR ALBERTO;80;30585569379;1,00;$;0,00;0,00;0,00;0,00;0,00;0,00;0,00;16546,57;78793,19;0,00;0,00;78793,19;0,00;0,00;0,00;16546,57;112950,00
2026-07-24;1;21;20610;20610;86305222648368;80;30562924112;EXPRESO SINGER SOCIEDAD ANONIMA DE TRANSPORTE;80;30585569379;1,00;$;;;;;;;;4050,40;19287,60;;;19287,60;0,00;0,00;0,00;4050,40;23338,00
2026-07-24;1;7;11178;11178;86305205940123;80;27313783443;DIEDRICH MARIA LORENA;80;30585569379;1,00;$;;;;;;;;21364,46;101735,54;;;101735,54;0,00;0,00;0,00;21364,46;123100,00
2026-07-24;1;7;11180;11180;86305209404022;80;27313783443;DIEDRICH MARIA LORENA;80;30585569379;1,00;$;;;;;;;;21364,46;101735,54;;;101735,54;0,00;0,00;0,00;21364,46;123100,00
2026-07-24;1;18;103690;103690;86305396791829;80;30603866092;FRIGORIFICO SAN FRANCISCO S.A.I.C. Y A. S. A.;80;30585569379;1,00;$;;;;;;104344,96;993761,53;;;;;993761,53;0,00;0,00;32893,51;104344,96;1131000,00
2026-07-24;1;2;327;327;86305301812360;80;20163843057;DIELLO ISRAEL;80;30585569379;1,00;$;;;;;;;;210672,00;1003200,00;;;1003200,00;0,00;0,00;0,00;210672,00;1213872,00
2026-07-24;1;4;110;110;86305219466056;80;20304573792;VITKOSKI RUBEN OSCAR;80;30585569379;1,00;$;;;;;;;;735000,00;3500000,00;;;3500000,00;0,00;0,00;0,00;735000,00;4235000,00
2026-07-24;1;2;113;113;86305222774967;80;27331603037;VITKOWSKI SANDRA MABEL;80;30585569379;1,00;$;;;;;;;;819000,00;3900000,00;;;3900000,00;0,00;0,00;0,00;819000,00;4719000,00
2026-07-24;11;2;43;43;86305201214159;80;20170194722;WIEDNER EUGENIO;80;30585569379;1,00;$;0,00;0,00;0,00;0,00;0,00;0,00;0,00;0,00;0,00;0,00;0,00;0,00;0,00;0,00;0,00;0,00;734400,00
2026-07-24;11;4;10;10;86305277120864;80;23358401619;MIQUETEN ENZO RUBEN;80;30585569379;1,00;$;0,00;0,00;0,00;0,00;0,00;0,00;0,00;0,00;0,00;0,00;0,00;0,00;0,00;0,00;0,00;0,00;519400,00
2026-07-24;81;48;188331;188331;;80;23140632139;SCHOLLES OMAR ALBERTO;80;30585569379;1,00;$;0,00;0,00;0,00;0,00;0,00;0,00;0,00;86678,03;412752,52;0,00;0,00;412752,52;0,00;0,00;0,00;86678,03;584513,39
2026-07-27;1;2;123;123;86305552604681;80;20206840073;VITALIS CARLOS;80;30585569379;1,00;$;;;;;;;;754047,00;3590700,00;;;3590700,00;0,00;0,00;0,00;754047,00;4344747,00
2026-07-27;1;2;2456;2456;86305808970925;80;20221456441;ZIMMERMANN CARLOS ALBERTO;80;30585569379;1,00;$;;;;;;;;51849,00;246900,00;;;246900,00;0,00;0,00;0,00;51849,00;298749,00
2026-07-27;1;7;188;188;86305920155262;80;20411921612;KATZ DIEGO GUSTAVO;80;30585569379;1,00;$;;;;;;;;4075596,00;19407600,00;;;19407600,00;0,00;0,00;642391,56;4075596,00;24125587,56
2026-07-27;11;1;76;76;86305657552775;80;20374710045;GLANZEL GERARDO;80;30585569379;1,00;$;0,00;0,00;0,00;0,00;0,00;0,00;0,00;0,00;0,00;0,00;0,00;0,00;0,00;0,00;0,00;0,00;370000,00
2026-07-27;11;2;13;13;86305658916933;80;20123788606;RIEGEL RAUL ALEJANDRO;80;30585569379;1,00;$;0,00;0,00;0,00;0,00;0,00;0,00;0,00;0,00;0,00;0,00;0,00;0,00;0,00;0,00;0,00;0,00;436100,00
2026-07-28;1;6;6958;6958;86305802939497;80;30716512149;COMPAÑIA ELECTRICA SRL;80;30585569379;1,00;$;;;;;;;;10396,19;49505,65;;;49505,65;0,00;0,00;0,00;10396,19;59901,84
2026-07-28;1;3;30830;30830;86305732888018;80;30716512149;COMPAÑIA ELECTRICA SRL;80;30585569379;1,00;$;;;;;;;;88221,87;420104,13;;;420104,13;0,00;0,00;0,00;88221,87;508326,00
2026-07-28;1;5;960;960;86305727573200;80;20100011639;KRUYENISKI HECTOR RAMON;80;30585569379;1,00;$;;;;;;;;98196,69;467603,31;;;467603,31;0,00;0,00;0,00;98196,69;565800,00
2026-07-28;1;5;38245;38245;86305716163923;80;30709802999;DON GUILLERMO SRL;80;30585569379;1,00;$;;;;;;;;344171,34;1638911,17;;;1638911,17;0,00;0,00;54247,96;344171,34;2037330,47
2026-07-28;1;5;38246;38246;86305716276023;80;30709802999;DON GUILLERMO SRL;80;30585569379;1,00;$;;;;;;;;103977,69;495131,85;;;495131,85;0,00;0,00;16388,86;103977,69;615498,40
2026-07-28;1;12;26224;26224;86305811858656;80;30710291914;PAPELERA MERCEDES SRL;80;30585569379;1,00;$;;;;;;;;3064,09;14590,91;;;14590,91;0,00;0,00;0,00;3064,09;17655,00
2026-07-28;1;122;17280;17280;86316540671191;80;30707811516;TOURNE & TOURNE S.A.;80;30585569379;1,00;$;;;;;;;;300699,87;1431904,15;;;1431904,15;0,00;0,00;47396,03;300699,87;1780000,05
2026-07-28;1;4;6718;6718;86305760957097;80;20160594749;SANCHEZ MIGUEL;80;30585569379;1,00;$;;;;;;29457,07;280543,52;;;;;280543,52;0,00;0,00;0,00;29457,07;310000,57
2026-07-28;1;4;3123;3123;86305716556531;80;30661761586;PURPIL S A;80;30585569379;1,00;$;;;;;;142533,94;1357466,10;;;;;1357466,10;0,00;0,00;0,00;142533,94;1500000,00
2026-07-29;1;5;405723;405723;86305931454789;80;30708098031;ECONOR S. R. L.;80;30585569379;1,00;$;;;;;;;;58298,20;277610,46;;;277610,46;0,00;0,00;8328,31;58298,20;344236,97
2026-07-29;1;5;405724;405724;86305931454938;80;30708098031;ECONOR S. R. L.;80;30585569379;1,00;$;;;;;;11375,01;108333,45;17755,41;84549,55;;;192883,00;0,00;0,00;4161,49;29130,42;226174,91
2026-07-29;1;3;26133;26133;86305939328968;80;30716024349;DON CAMACHO DISTRIBUCIONES S.R.L;80;30585569379;1,00;$;;;;;;;;23826,05;113457,40;;;113457,40;2870,40;0,00;3403,72;23826,05;143557,57
2026-07-29;1;8;29503;29503;86316093446120;80;30709746185;OUTSOURCING RRHH BURO S.R.L.;80;30585569379;1,00;$;;;;;;;;8633,13;41110,13;;;41110,13;0,00;0,00;0,00;8633,13;49743,26
2026-07-29;1;3;5167;5167;86305955911547;80;20303633740;MICHALOVSKI ANTONIO RAFAEL;80;30585569379;1,00;$;;;;;;40677,00;387400,00;;;;;387400,00;0,00;0,00;12822,94;40677,00;440899,94
2026-07-29;11;23;23937;23937;86305865766170;80;30612098863;CONSEJO PROFESIONAL DE CIENCIAS ECONOMICAS DE MISIONES;80;30585569379;1,00;$;0,00;0,00;0,00;0,00;0,00;0,00;0,00;0,00;0,00;0,00;0,00;0,00;0,00;0,00;0,00;0,00;330405,00
2026-07-29;17;5;1654506;1654506;37290006413448;80;30545836900;ELECTRICIDAD DE MISIONES S. A.;;;1,00;$;0,00;0,00;0,00;0,00;0,00;0,00;0,00;51658,12;245991,05;0,00;0,00;245991,05;0,00;0,00;3751,82;51658,12;152576,42
2026-07-29;81;48;188706;188706;;80;23140632139;SCHOLLES OMAR ALBERTO;80;30585569379;1,00;$;0,00;0,00;0,00;0,00;0,00;0,00;0,00;20455,93;97409,19;0,00;0,00;97409,19;0,00;0,00;0,00;20455,93;132450,00
2026-07-30;1;26;696706;696706;86316012956570;80;30637530158;COOPERATIVA FRIGORIFICA LEANDRO N ALEM;80;30585569379;1,00;$;;;;;;;;46832,81;223013,40;;;223013,40;0,00;0,00;6690,40;46832,81;276536,61
2026-07-30;1;9;17908;17908;86316020364608;80;20074876510;MUSCHALEK CARLOS;80;30585569379;1,00;$;;;;;;;;3788,36;18039,79;;;18039,79;0,00;0,00;0,00;3788,36;21828,15
2026-07-30;1;4;1316;1316;86316114625096;80;20283378277;KWASZKA ALEXANDER ARIEL;80;30585569379;1,00;$;;;;;;;;21762,16;103629,35;;;103629,35;0,00;0,00;3108,88;21762,16;128500,40
2026-07-30;1;3;1713;1713;86316044048832;80;30708918012;ESTANCIA LA LOMA SRL;80;30585569379;1,00;$;;;;;;;;1444290,75;6877575,00;;;6877575,00;0,00;0,00;227647,73;1444290,75;8549513,48
2026-07-30;1;4;262;262;86316840727492;80;20288260258;FICHTNER CARLOS RAFAEL;80;30585569379;1,00;$;;;;;;;;102900,00;490000,00;;;490000,00;0,00;0,00;0,00;102900,00;592900,00
2026-07-30;1;4;263;263;86316841415324;80;20288260258;FICHTNER CARLOS RAFAEL;80;30585569379;1,00;$;;;;;;;;248640,00;1184000,00;;;1184000,00;0,00;0,00;0,00;248640,00;1432640,00
2026-07-30;11;1;78;78;86316017984409;80;20374710045;GLANZEL GERARDO;80;30585569379;1,00;$;0,00;0,00;0,00;0,00;0,00;0,00;0,00;0,00;0,00;0,00;0,00;0,00;0,00;0,00;0,00;0,00;310000,00
2026-07-30;11;2;43;43;86316100762739;80;27140882998;COSTA CARMEN GLADIS;80;30585569379;1,00;$;0,00;0,00;0,00;0,00;0,00;0,00;0,00;0,00;0,00;0,00;0,00;0,00;0,00;0,00;0,00;0,00;1185800,00
2026-07-30;11;5;11;11;86316135465176;80;27201181270;BUKAY OLIVIA EUGENIA;80;30585569379;1,00;$;0,00;0,00;0,00;0,00;0,00;0,00;0,00;0,00;0,00;0,00;0,00;0,00;0,00;0,00;0,00;0,00;2662400,00
2026-07-31;1;5;38315;38315;86316199364321;80;30709802999;DON GUILLERMO SRL;80;30585569379;1,00;$;;;;;;;;2877,01;13700,05;;;13700,05;0,00;0,00;0,00;2877,01;16577,06
2026-07-31;1;4;103273;103273;86316268884032;80;30711543267;BINDER RULEMANES S.A.;80;30585569379;1,00;$;;;;;;;;278034,02;1323971,52;;;1323971,52;0,00;0,00;0,00;278034,02;1602005,54
2026-07-31;1;3;1608349;1608349;86316466996255;80;30716370964;ARGENPAY S.A.U.;80;30585569379;1,00;$;;;;;;;;222,08;1057,50;;;1057,50;0,00;0,00;0,00;222,08;1279,58
2026-07-31;1;2;124;124;86316179429952;80;20206840073;VITALIS CARLOS;80;30585569379;1,00;$;;;;;;;;900039,00;4285900,00;;;4285900,00;0,00;0,00;0,00;900039,00;5185939,00
2026-07-31;1;2;328;328;86316176728983;80;20163843057;DIELLO ISRAEL;80;30585569379;1,00;$;;;;;;;;384846,00;1832600,00;;;1832600,00;0,00;0,00;0,00;384846,00;2217446,00
2026-07-31;1;4;112;112;86316269603055;80;20304573792;VITKOSKI RUBEN OSCAR;80;30585569379;1,00;$;;;;;;;;1253616,00;5969600,00;;;5969600,00;0,00;0,00;0,00;1253616,00;7223216,00
2026-07-31;1;3;5172;5172;86317024249987;80;20303633740;MICHALOVSKI ANTONIO RAFAEL;80;30585569379;1,00;$;;;;;;26176,50;249300,00;8295,00;39500,00;;;288800,00;0,00;0,00;9559,28;34471,50;332830,78
2026-07-31;11;3;436;436;86316199286571;80;20237628749;ALMEIDA JOSE MARCELINO;80;30585569379;1,00;$;0,00;0,00;0,00;0,00;0,00;0,00;0,00;0,00;0,00;0,00;0,00;0,00;0,00;0,00;0,00;0,00;424000,00
2026-07-31;11;3;12;12;86316176333344;80;20221457103;DIELLO FABIAN CLAUDIO;80;30585569379;1,00;$;0,00;0,00;0,00;0,00;0,00;0,00;0,00;0,00;0,00;0,00;0,00;0,00;0,00;0,00;0,00;0,00;1533700,00
2026-07-31;11;1;135;135;86316264144993;80;20350102532;MASLOFF SEBASTIAN GABRIEL;80;30585569379;1,00;$;0,00;0,00;0,00;0,00;0,00;0,00;0,00;0,00;0,00;0,00;0,00;0,00;0,00;0,00;0,00;0,00;1177600,00
2026-07-31;11;2;14;14;86316193226580;80;20123788606;RIEGEL RAUL ALEJANDRO;80;30585569379;1,00;$;0,00;0,00;0,00;0,00;0,00;0,00;0,00;0,00;0,00;0,00;0,00;0,00;0,00;0,00;0,00;0,00;637000,00
2026-07-31;63;1003;20053;20053;86327782182492;80;30500010084;BANCO MACRO SOCIEDAD ANONIMA;80;30585569379;1,00;$;;;;;;;;48592,45;231392,60;;;231392,60;0,00;0,00;0,00;48592,45;279985,05
2026-07-31;81;48;188851;188851;;80;23140632139;SCHOLLES OMAR ALBERTO;80;30585569379;1,00;$;0,00;0,00;0,00;0,00;0,00;0,00;0,00;26255,18;125024,67;0,00;0,00;125024,67;0,00;0,00;0,00;26255,18;169999,58
2026-08-01;1;4;103336;103336;86316352200433;80;30711543267;BINDER RULEMANES S.A.;80;30585569379;1,00;$;;;;;;;;28916,93;137699,68;;;137699,68;0,00;0,00;0,00;28916,93;166616,61
2026-08-01;1;3;2490;2490;86316851096648;80;33717137219;FULL PLAY SERVICIOS S.R.L.;80;30585569379;1,00;$;;;;;;;;3297,52;15702,48;;;15702,48;0,00;0,00;0,00;3297,52;19000,00
2026-08-03;1;9;2571;2571;86316692163573;80;33683265689;GAMPEL COMUNICACIONES SRL;80;30585569379;1,00;$;;;;;;;;12116,79;57699,00;;;57699,00;0,00;0,00;0,00;12116,79;69815,79
2026-08-03;1;51;15975;15975;86316788992653;80;30707530207;BOSCO  S. A.;80;30585569379;1,00;$;;;;;;;;6247,93;29752,07;;;29752,07;0,00;0,00;0,00;6247,93;36000,00
2026-08-03;1;2;125;125;86316582605031;80;20206840073;VITALIS CARLOS;80;30585569379;1,00;$;;;;;;;;205800,00;980000,00;;;980000,00;0,00;0,00;0,00;205800,00;1185800,00
2026-08-03;11;5;156;156;86316714497816;80;20145130116;ARENHARDT NELSON BERNARDO;80;30585569379;1,00;$;0,00;0,00;0,00;0,00;0,00;0,00;0,00;0,00;0,00;0,00;0,00;0,00;0,00;0,00;0,00;0,00;406800,00
2026-08-03;11;3;354;354;86316732763320;80;20112889311;KUMMRITZ HELMUTH OTTO;80;30585569379;1,00;$;0,00;0,00;0,00;0,00;0,00;0,00;0,00;0,00;0,00;0,00;0,00;0,00;0,00;0,00;0,00;0,00;116667,00
2026-08-03;11;1;7;7;86316614601038;80;20296632083;VITKOWSKI LUIS GUILLERMO;80;30585569379;1,00;$;0,00;0,00;0,00;0,00;0,00;0,00;0,00;0,00;0,00;0,00;0,00;0,00;0,00;0,00;0,00;0,00;3003900,00
2026-08-03;11;6;208;208;86316609251577;80;20169444995;CHAVES ROSSBERG LUIS ARIEL;80;30585569379;1,00;$;0,00;0,00;0,00;0,00;0,00;0,00;0,00;0,00;0,00;0,00;0,00;0,00;0,00;0,00;0,00;0,00;75000,00
2026-08-03;81;48;189011;189011;;80;23140632139;SCHOLLES OMAR ALBERTO;80;30585569379;1,00;$;0,00;0,00;0,00;0,00;0,00;0,00;0,00;18334,21;87305,76;0,00;0,00;87305,76;0,00;0,00;0,00;18334,21;119205,00
2026-08-03;81;48;189012;189012;;80;23140632139;SCHOLLES OMAR ALBERTO;80;30585569379;1,00;$;0,00;0,00;0,00;0,00;0,00;0,00;0,00;17254,18;82162,76;0,00;0,00;82162,76;0,00;0,00;0,00;17254,18;115155,00
2026-08-03;112;48;256;256;;80;23140632139;SCHOLLES OMAR ALBERTO;80;30585569379;1,00;$;0,00;0,00;0,00;0,00;0,00;0,00;0,00;18334,21;87305,76;0,00;0,00;87305,76;0,00;0,00;0,00;18334,21;119205,00
2026-08-04;1;3;2550;2550;86316830100332;80;30714571792;SIMON SRL;80;30585569379;1,00;$;;;;;;;;500594,01;2383781,00;;;2383781,00;0,00;0,00;78903,15;500594,01;2963278,16
2026-08-04;1;457;1240;1240;86316821597092;80;30572365391;PETROVALLE SOCIEDAD ANONIMA;80;30585569379;1,00;$;;;;;;;;197157,03;938842,98;;;938842,98;0,00;0,00;31075,70;197157,03;1167075,71
2026-08-04;1;3;21;21;86316864344959;80;20131359234;FRANDOVIAK PABLO BENJAMIN;80;30585569379;1,00;$;;;;;;;;1100736,00;5241600,00;;;5241600,00;0,00;0,00;0,00;1100736,00;6342336,00
2026-08-04;1;12;99;99;86316791174981;80;20084085651;NACIMENTO BONIFACIO;80;30585569379;1,00;$;;;;;;;;748566,00;3564600,00;;;3564600,00;0,00;0,00;0,00;748566,00;4313166,00
2026-08-04;81;48;189090;189090;;80;23140632139;SCHOLLES OMAR ALBERTO;80;30585569379;1,00;$;0,00;0,00;0,00;0,00;0,00;0,00;0,00;13050,05;62143,10;0,00;0,00;62143,10;0,00;0,00;0,00;13050,05;85999,35
2026-08-05;1;3;26164;26164;86316978483167;80;30716024349;DON CAMACHO DISTRIBUCIONES S.R.L;80;30585569379;1,00;$;;;;;;;;22883,46;108968,87;;;108968,87;840,00;0,00;0,00;22883,46;132692,33
2026-08-05;1;18;104124;104124;86327144826835;80;30603866092;FRIGORIFICO SAN FRANCISCO S.A.I.C. Y A. S. A.;80;30585569379;1,00;$;;;;;;113174,15;1077849,05;;;;;1077849,05;0,00;0,00;35676,80;113174,15;1226700,00
2026-08-05;1;7;193;193;86316959084975;80;20411921612;KATZ DIEGO GUSTAVO;80;30585569379;1,00;$;;;;;;;;5775462,00;27502200,00;;;27502200,00;0,00;0,00;910322,82;5775462,00;34187984,82
2026-08-05;1;2;1513;1513;86316952833567;80;20329854621;GABROUSKI CRISTIAN MATIAS;80;30585569379;1,00;$;;;;;;;;186270,00;887000,00;;;887000,00;0,00;0,00;29359,70;186270,00;1102629,70
2026-08-05;6;20;10257;10257;86316920031368;80;33707366589;FEDERACION PATRONAL SEGUROS S. A. U.;80;30585569379;1,00;$;0,00;0,00;0,00;0,00;0,00;0,00;0,00;0,00;0,00;0,00;0,00;0,00;0,00;0,00;192,42;0,00;9354,92
2026-08-05;11;2;10;10;86316927025955;80;20148119121;PIRELLI JOSE CARLOS;80;30585569379;1,00;$;0,00;0,00;0,00;0,00;0,00;0,00;0,00;0,00;0,00;0,00;0,00;0,00;0,00;0,00;0,00;0,00;1313200,00
2026-08-05;81;48;189117;189117;;80;23140632139;SCHOLLES OMAR ALBERTO;80;30585569379;1,00;$;0,00;0,00;0,00;0,00;0,00;0,00;0,00;37890,70;180431,90;0,00;0,00;180431,90;0,00;0,00;0,00;37890,70;246357,00
2026-08-05;81;48;189149;189149;;80;23140632139;SCHOLLES OMAR ALBERTO;80;30585569379;1,00;$;0,00;0,00;0,00;0,00;0,00;0,00;0,00;16460,90;78385,24;0,00;0,00;78385,24;0,00;0,00;0,00;16460,90;112950,00
2026-08-06;1;4;1323;1323;86327172382502;80;20283378277;KWASZKA ALEXANDER ARIEL;80;30585569379;1,00;$;;;;;;;;8831,24;42053,50;;;42053,50;0,00;0,00;0,00;8831,24;50884,74
2026-08-06;1;457;1271;1271;86327146827883;80;30572365391;PETROVALLE SOCIEDAD ANONIMA;80;30585569379;1,00;$;;;;;;;;676357,80;3220751,40;;;3220751,40;0,00;0,00;729453,36;676357,80;4626562,56
2026-08-06;1;26;698375;698375;86327080065183;80;30637530158;COOPERATIVA FRIGORIFICA LEANDRO N ALEM;80;30585569379;1,00;$;;;;;;;;21011,36;100054,09;;;100054,09;0,00;0,00;3001,62;21011,36;124067,07
2026-08-06;1;2;329;329;86327095580906;80;20163843057;DIELLO ISRAEL;80;30585569379;1,00;$;;;;;;;;473340,00;2254000,00;;;2254000,00;0,00;0,00;0,00;473340,00;2727340,00
2026-08-06;1;2;68;68;86327166545360;80;20358401539;KATZ DIEGO GABRIEL;80;30585569379;1,00;$;;;;;;;;3831345,00;18244500,00;;;18244500,00;0,00;0,00;0,00;3831345,00;22075845,00
2026-08-06;11;4;353;353;86327113649546;80;27041829783;PROCACCI MATILDE NELIDA;80;30585569379;1,00;$;0,00;0,00;0,00;0,00;0,00;0,00;0,00;0,00;0,00;0,00;0,00;0,00;0,00;0,00;0,00;0,00;199900,00
2026-08-06;11;2;44;44;86327159650538;80;27140882998;COSTA CARMEN GLADIS;80;30585569379;1,00;$;0,00;0,00;0,00;0,00;0,00;0,00;0,00;0,00;0,00;0,00;0,00;0,00;0,00;0,00;0,00;0,00;852600,00
2026-08-06;11;5;12;12;86327173087251;80;27201181270;BUKAY OLIVIA EUGENIA;80;30585569379;1,00;$;0,00;0,00;0,00;0,00;0,00;0,00;0,00;0,00;0,00;0,00;0,00;0,00;0,00;0,00;0,00;0,00;1965600,00
2026-08-06;11;1;8;8;86327109487954;80;20296632083;VITKOWSKI LUIS GUILLERMO;80;30585569379;1,00;$;0,00;0,00;0,00;0,00;0,00;0,00;0,00;0,00;0,00;0,00;0,00;0,00;0,00;0,00;0,00;0,00;5122000,00
2026-08-06;11;3;966;966;86327154919594;80;20143642985;MOREIRA JOSE EDUARDO;80;30585569379;1,00;$;0,00;0,00;0,00;0,00;0,00;0,00;0,00;0,00;0,00;0,00;0,00;0,00;0,00;0,00;0,00;0,00;1004800,00
2026-08-07;1;4;114;114;86327351095915;80;20304573792;VITKOSKI RUBEN OSCAR;80;30585569379;1,00;$;;;;;;;;773136,00;3681600,00;;;3681600,00;0,00;0,00;0,00;773136,00;4454736,00
2026-08-07;1;4;139;139;86327254873357;80;20296632792;RIEGEL HECTOR RUBEN;80;30585569379;1,00;$;;;;;;;;377832,00;1799200,00;;;1799200,00;0,00;0,00;0,00;377832,00;2177032,00
2026-08-07;11;2;122;122;86327284052639;80;20170194714;WIEDNER ARNOLDO;80;30585569379;1,00;$;0,00;0,00;0,00;0,00;0,00;0,00;0,00;0,00;0,00;0,00;0,00;0,00;0,00;0,00;0,00;0,00;686000,00
2026-08-07;11;2;82;82;86327273053066;80;20218525920;SUAREZ RUBEN OSCAR;80;30585569379;1,00;$;0,00;0,00;0,00;0,00;0,00;0,00;0,00;0,00;0,00;0,00;0,00;0,00;0,00;0,00;0,00;0,00;2502960,00
2026-08-07;11;2;123;123;86327348195273;80;27307530487;OLYNIZACK GLADYS CRISTINA;80;30585569379;1,00;$;0,00;0,00;0,00;0,00;0,00;0,00;0,00;0,00;0,00;0,00;0,00;0,00;0,00;0,00;0,00;0,00;790400,00
2026-08-07;11;2;15;15;86327356017722;80;20123788606;RIEGEL RAUL ALEJANDRO;80;30585569379;1,00;$;0,00;0,00;0,00;0,00;0,00;0,00;0,00;0,00;0,00;0,00;0,00;0,00;0,00;0,00;0,00;0,00;470400,00
2026-08-07;11;2;25;25;86327353504095;80;20268692526;PEREIRA SANDRO FABIAN;80;30585569379;1,00;$;0,00;0,00;0,00;0,00;0,00;0,00;0,00;0,00;0,00;0,00;0,00;0,00;0,00;0,00;0,00;0,00;333200,00
2026-08-08;1;231;14928;14928;86327438356500;80;30572365391;PETROVALLE SOCIEDAD ANONIMA;80;30585569379;1,00;$;;;;;;;;1014536,69;4831127,11;;;4831127,11;0,00;0,00;1094180,04;1014536,69;6939843,84
2026-08-09;1;6;740;740;86327626495465;80;20324149644;KRILL RENE EUGENIO;80;30585569379;1,00;$;;;;;;;;222142,20;1057820,00;;;1057820,00;0,00;0,00;0,00;222142,20;1279962,20
2026-08-10;1;2;126;126;86327739779034;80;20206840073;VITALIS CARLOS;80;30585569379;1,00;$;;;;;;;;271656,00;1293600,00;;;1293600,00;0,00;0,00;0,00;271656,00;1565256,00
2026-08-10;8;20;5853;5853;86327756038301;80;33707366589;FEDERACION PATRONAL SEGUROS S. A. U.;80;30585569379;1,00;$;0,00;0,00;0,00;0,00;0,00;0,00;0,00;0,00;0,00;0,00;0,00;0,00;0,00;0,00;192,42;0,00;9354,92
2026-08-10;11;2;5;5;86327667422284;80;27145132644;LAUMANN LELIA LUCIA;80;30585569379;1,00;$;0,00;0,00;0,00;0,00;0,00;0,00;0,00;0,00;0,00;0,00;0,00;0,00;0,00;0,00;0,00;0,00;3038000,00
2026-08-10;63;5;9415;9415;86327769953104;80;30500010912;BANCO DE LA NACION ARGENTINA;80;30585569379;1,00;$;;;;;;;;15520,89;73909,00;;;73909,00;0,00;0,00;2070,00;15520,89;91499,89
2026-08-11;1;5;38479;38479;86327861947368;80;30709802999;DON GUILLERMO SRL;80;30585569379;1,00;$;;;;;;;;38590,66;183765,05;;;183765,05;0,00;0,00;0,00;38590,66;222355,71
2026-08-11;1;20;4205;4205;86327989080231;80;33707366589;FEDERACION PATRONAL SEGUROS S. A. U.;80;30585569379;1,00;$;;;;;;;;;;;;0,00;0,00;9162,50;192,42;0,00;9354,92
2026-08-11;1;16;40767;40767;86327845415701;80;30711740712;AGUAS MISIONERAS SOCIEDAD DEL ESTADO E. E.;80;30585569379;1,00;$;;;;;;;;877,29;4177,55;;;4177,55;0,00;0,00;0,00;877,29;5054,84
2026-08-11;1;2;2465;2465;86338973796658;80;20221456441;ZIMMERMANN CARLOS ALBERTO;80;30585569379;1,00;$;;;;;;;;56700,00;270000,00;;;270000,00;0,00;0,00;0,00;56700,00;326700,00
2026-08-11;81;48;189509;189509;;80;23140632139;SCHOLLES OMAR ALBERTO;80;30585569379;1,00;$;0,00;0,00;0,00;0,00;0,00;0,00;0,00;13990,77;66622,71;0,00;0,00;66622,71;0,00;0,00;0,00;13990,77;96000,72
2026-08-12;1;5;406343;406343;86328035462084;80;30708098031;ECONOR S. R. L.;80;30585569379;1,00;$;;;;;;15888,29;151317,00;47181,70;224674,74;;;375991,74;0,00;0,00;9010,00;63069,99;448071,73
2026-08-12;1;5;406344;406344;86328035464073;80;30708098031;ECONOR S. R. L.;80;30585569379;1,00;$;;;;;;;;9690,79;46146,64;;;46146,64;0,00;0,00;0,00;9690,79;55837,43
2026-08-12;1;3;26199;26199;86328086596886;80;30716024349;DON CAMACHO DISTRIBUCIONES S.R.L;80;30585569379;1,00;$;;;;;;;;2915,70;13884,30;;;13884,30;0,00;0,00;0,00;2915,70;16800,00
2026-08-12;1;5;7134;7134;86328020767470;80;30707477179;ROSARIO BOLSAS S.R.L.;80;30585569379;1,00;$;;;;;;;;472042,34;2247820,67;;;2247820,67;0,00;0,00;0,00;472042,34;2719862,99
2026-08-12;11;3;481;481;86328018165259;80;20245770481;LEMHOFER ERNESTO GERARDO;80;30585569379;1,00;$;0,00;0,00;0,00;0,00;0,00;0,00;0,00;0,00;0,00;0,00;0,00;0,00;0,00;0,00;0,00;0,00;164000,00
2026-08-12;81;48;189560;189560;;80;23140632139;SCHOLLES OMAR ALBERTO;80;30585569379;1,00;$;0,00;0,00;0,00;0,00;0,00;0,00;0,00;135478,59;645136,14;0,00;0,00;645136,14;0,00;0,00;0,00;135478,59;934944,47
2026-08-12;81;48;189598;189598;;80;23140632139;SCHOLLES OMAR ALBERTO;80;30585569379;1,00;$;0,00;0,00;0,00;0,00;0,00;0,00;0,00;25993,02;123776,29;0,00;0,00;123776,29;0,00;0,00;0,00;25993,02;169000,90
2026-08-13;1;10;2739;2739;86338164529134;80;20298747031;DIEDRICH DARIO HERNAN;80;30585569379;1,00;$;;;;;;;;28061,55;133626,45;;;133626,45;0,00;0,00;0,00;28061,55;161688,00
2026-08-13;1;5;1311;1311;86338155233181;80;20178075137;BLOCH DAVID;80;30585569379;1,00;$;;;;;;;;643884,30;3066115,70;;;3066115,70;0,00;0,00;101488,43;643884,30;3811488,43
2026-08-13;1;4;1329;1329;86338236336254;80;20283378277;KWASZKA ALEXANDER ARIEL;80;30585569379;1,00;$;;;;;;;;11414,89;54356,64;;;54356,64;0,00;0,00;0,00;11414,89;65771,53
2026-08-13;1;4;140;140;86338230521500;80;20296632792;RIEGEL HECTOR RUBEN;80;30585569379;1,00;$;;;;;;;;161616,00;769600,00;;;769600,00;0,00;0,00;0,00;161616,00;931216,00
2026-08-13;1;7;197;197;86338228373661;80;20411921612;KATZ DIEGO GUSTAVO;80;30585569379;1,00;$;;;;;;;;1576260,00;7506000,00;;;7506000,00;0,00;0,00;248448,60;1576260,00;9330708,60
2026-08-13;11;2;6;6;86338208389872;80;27145132644;LAUMANN LELIA LUCIA;80;30585569379;1,00;$;0,00;0,00;0,00;0,00;0,00;0,00;0,00;0,00;0,00;0,00;0,00;0,00;0,00;0,00;0,00;0,00;618800,00
2026-08-13;11;1;9;9;86338192915340;80;20296632083;VITKOWSKI LUIS GUILLERMO;80;30585569379;1,00;$;0,00;0,00;0,00;0,00;0,00;0,00;0,00;0,00;0,00;0,00;0,00;0,00;0,00;0,00;0,00;0,00;2111200,00
2026-08-14;1;2;330;330;86338319385624;80;20163843057;DIELLO ISRAEL;80;30585569379;1,00;$;;;;;;;;299439,00;1425900,00;;;1425900,00;0,00;0,00;0,00;299439,00;1725339,00
2026-08-14;1;4;116;116;86338323780095;80;20304573792;VITKOSKI RUBEN OSCAR;80;30585569379;1,00;$;;;;;;;;295932,00;1409200,00;;;1409200,00;0,00;0,00;0,00;295932,00;1705132,00
2026-08-14;1;6;745;745;86338333829352;80;20324149644;KRILL RENE EUGENIO;80;30585569379;1,00;$;;;;;;;;166716,90;793890,00;;;793890,00;0,00;0,00;0,00;166716,90;960606,90
2026-08-14;1;2;213;213;86338346958091;80;20116850096;FRANSKOVIAK JULIO;80;30585569379;1,00;$;;;;;;;;260988,00;1242800,00;;;1242800,00;0,00;0,00;0,00;260988,00;1503788,00
2026-08-14;11;6;13;13;86338346589014;80;20049901888;RIEGEL MARTIN ALBERTO;80;30585569379;1,00;$;0,00;0,00;0,00;0,00;0,00;0,00;0,00;0,00;0,00;0,00;0,00;0,00;0,00;0,00;0,00;0,00;3172000,00
2026-08-14;11;2;44;44;86338319100294;80;20170194722;WIEDNER EUGENIO;80;30585569379;1,00;$;0,00;0,00;0,00;0,00;0,00;0,00;0,00;0,00;0,00;0,00;0,00;0,00;0,00;0,00;0,00;0,00;1326000,00
2026-08-14;81;48;189746;189746;;80;23140632139;SCHOLLES OMAR ALBERTO;80;30585569379;1,00;$;0,00;0,00;0,00;0,00;0,00;0,00;0,00;16297,07;77605,10;0,00;0,00;77605,10;0,00;0,00;0,00;16297,07;105960,00
2026-08-15;1;3;1620347;1620347;86338688516491;80;30716370964;ARGENPAY S.A.U.;80;30585569379;1,00;$;;;;;;;;212,62;1012,50;;;1012,50;0,00;0,00;0,00;212,62;1225,12
2026-08-17;1;330;6234;6234;86338749793894;80;30594494187;FEDERAL EXPRESS CORPORATION;80;30585569379;1,00;$;;;;;;;;;;;;0,00;0,00;110360,88;0,00;0,00;110360,88
2026-08-17;1;5;1681;1681;86338685808621;80;20324149644;KRILL RENE EUGENIO;80;30585569379;1,00;$;;;;;;;;639802,80;3046680,00;;;3046680,00;0,00;0,00;0,00;639802,80;3686482,80
2026-08-17;1;2;127;127;86338691057701;80;20206840073;VITALIS CARLOS;80;30585569379;1,00;$;;;;;;;;598416,00;2849600,00;;;2849600,00;0,00;0,00;0,00;598416,00;3448016,00
2026-08-18;1;4;6741;6741;86338853103351;80;20160594749;SANCHEZ MIGUEL;80;30585569379;1,00;$;;;;;;30597,34;291403,24;;;;;291403,24;0,00;0,00;0,00;30597,34;322000,54
2026-08-18;51;1;83;83;86338850685003;80;27481972081;DESPO ORNELLA AGUSTINA;80;30585569379;1,00;$;;;;;;;;168000,00;800000,00;;;800000,00;0,00;0,00;0,00;168000,00;968000,00
2026-08-19;1;3;26226;26226;86339029355524;80;30716024349;DON CAMACHO DISTRIBUCIONES S.R.L;80;30585569379;1,00;$;;;;;;;;21224,66;101069,83;;;101069,83;2782,40;0,00;3032,09;21224,66;128108,98
2026-08-19;1;2;24671;24671;86339015853337;80;30651784693;ECOCERT ARGENTINA S.A.;80;30585569379;1,00;$;;;;;;;;1101435,30;5244930,00;;;5244930,00;0,00;0,00;0,00;1101435,30;6346365,30
2026-08-19;1;7;933306;933306;86339093341678;80;30708169575;ABARCA S.R.L.;80;30585569379;1,00;$;;;;;;;;43450,34;206906,40;;;206906,40;0,00;0,00;6207,22;43450,34;256563,96
2026-08-19;1;7;933307;933307;86339093341725;80;30708169575;ABARCA S.R.L.;80;30585569379;1,00;$;;;;;;;;39401,83;187627,78;;;187627,78;0,00;0,00;5628,83;39401,83;232658,44
2026-08-19;1;7;933308;933308;86339093341738;80;30708169575;ABARCA S.R.L.;80;30585569379;1,00;$;;;;;;;;34785,60;165645,72;;;165645,72;0,00;0,00;4969,37;34785,60;205400,69
2026-08-19;1;7;933309;933309;86339093341754;80;30708169575;ABARCA S.R.L.;80;30585569379;1,00;$;;;;;;;;3712,12;17676,78;;;17676,78;0,00;0,00;0,00;3712,12;21388,90
2026-08-19;1;7;933310;933310;86339093341783;80;30708169575;ABARCA S.R.L.;80;30585569379;1,00;$;;;;;;;;58334,64;277783,98;;;277783,98;0,00;0,00;8333,49;58334,64;344452,11
2026-08-19;1;7;933311;933311;86339093341814;80;30708169575;ABARCA S.R.L.;80;30585569379;1,00;$;;;;;;;;9307,66;44322,20;;;44322,20;0,00;0,00;0,00;9307,66;53629,86
2026-08-19;1;7;933316;933316;86339093341929;80;30708169575;ABARCA S.R.L.;80;30585569379;1,00;$;;;;;;;;8793,54;41874,01;;;41874,01;0,00;0,00;0,00;8793,54;50667,55
2026-08-19;1;18;104591;104591;86349175360486;80;30603866092;FRIGORIFICO SAN FRANCISCO S.A.I.C. Y A. S. A.;80;30585569379;1,00;$;;;;;;94657,76;901502,51;;;;;901502,51;0,00;0,00;29839,73;94657,76;1026000,00
2026-08-19;1;2;891;891;86338993601112;80;20102661355;RONDINEAU HONORIO EUGENIO;80;30585569379;1,00;$;;;;;;;;1170540,00;5574000,00;;;5574000,00;0,00;0,00;0,00;1170540,00;6744540,00
2026-08-19;1;4;117;117;86338963704913;80;20304573792;VITKOSKI RUBEN OSCAR;80;30585569379;1,00;$;;;;;;;;1037400,00;4940000,00;;;4940000,00;0,00;0,00;0,00;1037400,00;5977400,00
2026-08-19;11;2;292;292;86338948100506;80;20350075179;ZARRATEA DIEGO OMAR;80;30585569379;1,00;$;0,00;0,00;0,00;0,00;0,00;0,00;0,00;0,00;0,00;0,00;0,00;0,00;0,00;0,00;0,00;0,00;110000,00
2026-08-19;81;48;190074;190074;;80;23140632139;SCHOLLES OMAR ALBERTO;80;30585569379;1,00;$;0,00;0,00;0,00;0,00;0,00;0,00;0,00;72807,69;346703,29;0,00;0,00;346703,29;0,00;0,00;0,00;72807,69;479800,00
2026-08-20;1;2;331;331;86349174055180;80;20163843057;DIELLO ISRAEL;80;30585569379;1,00;$;;;;;;;;436296,00;2077600,00;;;2077600,00;0,00;0,00;0,00;436296,00;2513896,00
2026-08-20;1;7;201;201;86349123059329;80;20411921612;KATZ DIEGO GUSTAVO;80;30585569379;1,00;$;;;;;;;;2476656,00;11793600,00;;;11793600,00;0,00;0,00;0,00;2476656,00;14270256,00
2026-08-20;1;5;7150;7150;86349128063127;80;30707477179;ROSARIO BOLSAS S.R.L.;80;30585569379;1,00;$;;;;;;;;551040,00;2624000,00;;;2624000,00;0,00;0,00;0,00;551040,00;3175040,00
2026-08-20;1;7;203;203;86349152991294;80;20411921612;KATZ DIEGO GUSTAVO;80;30585569379;1,00;$;;;;;;;;2476656,00;11793600,00;;;11793600,00;0,00;0,00;390368,16;2476656,00;14660624,16
2026-08-20;3;7;21;21;86349141532303;80;20411921612;KATZ DIEGO GUSTAVO;80;30585569379;1,00;$;;;;;;;;2476656,00;11793600,00;;;11793600,00;0,00;0,00;0,00;2476656,00;14270256,00
2026-08-20;11;2;22;22;86349131944717;80;20223140077;MARQUEZ HUGO ORLANDO;80;30585569379;1,00;$;0,00;0,00;0,00;0,00;0,00;0,00;0,00;0,00;0,00;0,00;0,00;0,00;0,00;0,00;0,00;0,00;11174800,00
2026-08-20;11;3;13;13;86349127927922;80;20221457103;DIELLO FABIAN CLAUDIO;80;30585569379;1,00;$;0,00;0,00;0,00;0,00;0,00;0,00;0,00;0,00;0,00;0,00;0,00;0,00;0,00;0,00;0,00;0,00;1073100,00
2026-08-20;11;2;45;45;86349122176527;80;27140882998;COSTA CARMEN GLADIS;80;30585569379;1,00;$;0,00;0,00;0,00;0,00;0,00;0,00;0,00;0,00;0,00;0,00;0,00;0,00;0,00;0,00;0,00;0,00;744800,00
2026-08-21;1;5;45903;45903;86349312065304;80;30711527156;HUXLEY S.A.;80;30585569379;1,00;$;;;;;;;;46449,90;221190,00;;;221190,00;0,00;0,00;0,00;46449,90;267639,90
2026-08-21;1;3950;8022249;8022249;86349690650272;80;30639453738;TELECOM ARGENTINA SOCIEDAD ANONIMA;80;30585569379;1,00;$;;;;;;;;5959,98;28380,87;44,35;164,25;28545,12;0,00;0,00;856,36;6004,33;35405,81
2026-08-21;1;4;119;119;86349271896703;80;20304573792;VITKOSKI RUBEN OSCAR;80;30585569379;1,00;$;;;;;;;;791700,00;3770000,00;;;3770000,00;0,00;0,00;0,00;791700,00;4561700,00
2026-08-21;1;2;214;214;86349298758075;80;20116850096;FRANSKOVIAK JULIO;80;30585569379;1,00;$;;;;;;;;44772,00;213200,00;;;213200,00;0,00;0,00;0,00;44772,00;257972,00
2026-08-21;1;2;215;215;86349298998908;80;20116850096;FRANSKOVIAK JULIO;80;30585569379;1,00;$;;;;;;;;2155440,00;10264000,00;;;10264000,00;0,00;0,00;0,00;2155440,00;12419440,00
2026-08-21;1;2;216;216;86349299150026;80;20116850096;FRANSKOVIAK JULIO;80;30585569379;1,00;$;;;;;;;;1375920,00;6552000,00;;;6552000,00;0,00;0,00;0,00;1375920,00;7927920,00
2026-08-21;1;2;128;128;86349355229942;80;20206840073;VITALIS CARLOS;80;30585569379;1,00;$;;;;;;;;771750,00;3675000,00;;;3675000,00;0,00;0,00;0,00;771750,00;4446750,00
2026-08-21;11;1;10;10;86349290267537;80;20296632083;VITKOWSKI LUIS GUILLERMO;80;30585569379;1,00;$;0,00;0,00;0,00;0,00;0,00;0,00;0,00;0,00;0,00;0,00;0,00;0,00;0,00;0,00;0,00;0,00;681100,00
2026-08-21;11;2;124;124;86349281889570;80;27307530487;OLYNIZACK GLADYS CRISTINA;80;30585569379;1,00;$;0,00;0,00;0,00;0,00;0,00;0,00;0,00;0,00;0,00;0,00;0,00;0,00;0,00;0,00;0,00;0,00;395200,00
2026-08-21;11;2;84;84;86349308137339;80;20218525920;SUAREZ RUBEN OSCAR;80;30585569379;1,00;$;0,00;0,00;0,00;0,00;0,00;0,00;0,00;0,00;0,00;0,00;0,00;0,00;0,00;0,00;0,00;0,00;1391600,00
2026-08-21;11;2;45;45;86349279758500;80;20170194722;WIEDNER EUGENIO;80;30585569379;1,00;$;0,00;0,00;0,00;0,00;0,00;0,00;0,00;0,00;0,00;0,00;0,00;0,00;0,00;0,00;0,00;0,00;1601600,00
2026-08-21;81;48;190244;190244;;80;23140632139;SCHOLLES OMAR ALBERTO;80;30585569379;1,00;$;0,00;0,00;0,00;0,00;0,00;0,00;0,00;22224,73;105832,05;0,00;0,00;105832,05;0,00;0,00;0,00;22224,73;144500,30
2026-08-22;1;1340;486240;486240;86349562654855;80;30663288497;AMX ARGENTINA SOCIEDAD ANONIMA;80;30585569379;1,00;$;;;;;;;;917,18;4367,50;3069,23;11367,50;15735,00;0,00;0,00;472,05;3986,41;20193,46
2026-08-23;1;6;750;750;86349617929034;80;20324149644;KRILL RENE EUGENIO;80;30585569379;1,00;$;;;;;;;;248409,00;1182900,00;;;1182900,00;0,00;0,00;0,00;248409,00;1431309,00
2026-08-24;1;8;219510;219510;86349739113289;80;30707851895;TRANSPORTE GARAY S. A.;80;30585569379;1,00;$;;;;;;;;88212,14;420057,82;;;420057,82;0,00;0,00;13903,91;88212,14;522173,87
2026-08-24;1;5;2092;2092;86349762263763;80;23317899459;LABANDOCZKA ORLANDO FABIAN;80;30585569379;1,00;$;;;;;;;;18188,48;86611,83;;;86611,83;0,00;0,00;0,00;18188,48;104800,31
2026-08-24;11;1;81;81;86349655726700;80;20374710045;GLANZEL GERARDO;80;30585569379;1,00;$;0,00;0,00;0,00;0,00;0,00;0,00;0,00;0,00;0,00;0,00;0,00;0,00;0,00;0,00;0,00;0,00;260000,00
2026-08-24;11;3;1997;1997;86349651699884;80;20285390290;ARDAMAN FRANCISCO;80;30585569379;1,00;$;0,00;0,00;0,00;0,00;0,00;0,00;0,00;0,00;0,00;0,00;0,00;0,00;0,00;0,00;0,00;0,00;250000,00
2026-08-24;81;48;190472;190472;;80;23140632139;SCHOLLES OMAR ALBERTO;80;30585569379;1,00;$;0,00;0,00;0,00;0,00;0,00;0,00;0,00;11987,79;57084,71;0,00;0,00;57084,71;0,00;0,00;0,00;11987,79;78999,07
2026-08-25;81;48;190510;190510;;80;23140632139;SCHOLLES OMAR ALBERTO;80;30585569379;1,00;$;0,00;0,00;0,00;0,00;0,00;0,00;0,00;10205,75;48598,81;0,00;0,00;48598,81;0,00;0,00;0,00;10205,75;70029,00
2026-08-26;1;10;1644;1644;86340037075670;80;33683265689;GAMPEL COMUNICACIONES SRL;80;30585569379;1,00;$;;;;;;;;84144,53;400688,24;;;400688,24;0,00;0,00;0,00;84144,53;484832,77
2026-08-26;1;5;406857;406857;86340032158247;80;30708098031;ECONOR S. R. L.;80;30585569379;1,00;$;;;;;;;;85858,61;408850,50;;;408850,50;0,00;0,00;12265,52;85858,61;506974,63
2026-08-26;1;5;406858;406858;86340032158310;80;30708098031;ECONOR S. R. L.;80;30585569379;1,00;$;;;;;;;;1693,65;8064,98;;;8064,98;0,00;0,00;0,00;1693,65;9758,63
2026-08-26;1;5;406863;406863;86340032158836;80;30708098031;ECONOR S. R. L.;80;30585569379;1,00;$;;;;;;;;56464,06;268876,49;;;268876,49;0,00;0,00;8066,29;56464,06;333406,84
2026-08-26;1;3;26253;26253;86340026261786;80;30716024349;DON CAMACHO DISTRIBUCIONES S.R.L;80;30585569379;1,00;$;;;;;;;;22662,24;107915,43;;;107915,43;2345,40;0,00;0,00;22662,24;132923,07
2026-08-26;1;3;31022;31022;86340041751327;80;30716512149;COMPAÑIA ELECTRICA SRL;80;30585569379;1,00;$;;;;;;6817,49;64928,51;;;;;64928,51;0,00;0,00;0,00;6817,49;71746,01
2026-08-26;1;18;104812;104812;86350172254784;80;30603866092;FRIGORIFICO SAN FRANCISCO S.A.I.C. Y A. S. A.;80;30585569379;1,00;$;;;;;;83263,77;792988,32;;;;;792988,32;0,00;0,00;26247,91;83263,77;902500,00
2026-08-26;1;3;55;55;86349962069014;80;23327980114;RIEGEL ROSANA CARINA;80;30585569379;1,00;$;;;;;;;;889462,81;4235537,19;;;4235537,19;0,00;0,00;0,00;889462,81;5125000,02
2026-08-26;81;48;190609;190609;;80;23140632139;SCHOLLES OMAR ALBERTO;80;30585569379;1,00;$;0,00;0,00;0,00;0,00;0,00;0,00;0,00;1735,54;8264,48;0,00;0,00;8264,48;0,00;0,00;0,00;1735,54;10000,00
2026-08-27;1;26;703149;703149;86350107626683;80;30637530158;COOPERATIVA FRIGORIFICA LEANDRO N ALEM;80;30585569379;1,00;$;;;;;;;;34270,50;163192,85;;;163192,85;0,00;0,00;4895,79;34270,50;202359,14
2026-08-27;1;4;103817;103817;86350114734023;80;30711543267;BINDER RULEMANES S.A.;80;30585569379;1,00;$;;;;;;;;420861,53;2004102,53;;;2004102,53;0,00;0,00;0,00;420861,53;2424964,06
2026-08-27;1;3;642;642;86350115152123;80;30718974506;HUVANI OBERA S. R. L.;80;30585569379;1,00;$;;;;;;;;346346,40;1649268,60;;;1649268,60;0,00;0,00;0,00;346346,40;1995615,00
2026-08-27;1;7;32302;32302;86350174975724;80;30711486670;DEL LIBANO S.R.L.;80;30585569379;1,00;$;;;;;;;;14251,33;67863,46;;;67863,46;0,00;0,00;0,00;14251,33;82114,78
2026-08-27;1;7;936484;936484;86350244219348;80;30708169575;ABARCA S.R.L.;80;30585569379;1,00;$;;;;;;;;10733,78;51113,24;;;51113,24;0,00;0,00;0,00;10733,78;61847,02
2026-08-27;1;7;936494;936494;86350244219568;80;30708169575;ABARCA S.R.L.;80;30585569379;1,00;$;;;;;;;;25698,99;122376,15;;;122376,15;0,00;0,00;3671,28;25698,99;151746,42
2026-08-27;1;8;30297;30297;86350187768731;80;30709746185;OUTSOURCING RRHH BURO S.R.L.;80;30585569379;1,00;$;;;;;;;;8633,13;41110,13;;;41110,13;0,00;0,00;0,00;8633,13;49743,26
2026-08-27;1;4;1341;1341;86350193878444;80;20283378277;KWASZKA ALEXANDER ARIEL;80;30585569379;1,00;$;;;;;;;;2736,81;13032,42;;;13032,42;0,00;0,00;0,00;2736,81;15769,23
2026-08-27;1;3;56;56;86350177928521;80;23327980114;RIEGEL ROSANA CARINA;80;30585569379;1,00;$;;;;;;;;945000,00;4500000,00;;;4500000,00;0,00;0,00;0,00;945000,00;5445000,00
2026-08-27;1;2;282;282;86350131073776;80;20131359234;FRANDOVIAK PABLO BENJAMIN;80;30585569379;1,00;$;;;;;;;;88452,00;421200,00;;;421200,00;0,00;0,00;0,00;88452,00;509652,00
2026-08-27;1;2;283;283;86350131309777;80;20131359234;FRANDOVIAK PABLO BENJAMIN;80;30585569379;1,00;$;;;;;;;;55692,00;265200,00;;;265200,00;0,00;0,00;0,00;55692,00;320892,00
2026-08-27;1;14;803001;803001;86350142014610;80;30678196165;TERMINAL 4  S A;80;30585569379;1,00;$;;;;;;;;372636,60;1774460,00;;;1774460,00;0,00;0,00;0,00;372636,60;2147096,60
2026-08-27;1;25;42790;42790;86350139675676;80;30590578971;EXOLGAN S. A.;80;30585569379;1,00;$;;;;;;;;20630,40;98240,00;;;98240,00;0,00;0,00;2947,20;20630,40;121817,60
2026-08-27;3;3;7;7;86350178131679;80;23327980114;RIEGEL ROSANA CARINA;80;30585569379;1,00;$;;;;;;;;889462,81;4235537,19;;;4235537,19;0,00;0,00;0,00;889462,81;5125000,02
2026-08-27;11;1;82;82;86350134904052;80;20374710045;GLANZEL GERARDO;80;30585569379;1,00;$;0,00;0,00;0,00;0,00;0,00;0,00;0,00;0,00;0,00;0,00;0,00;0,00;0,00;0,00;0,00;0,00;460000,00
2026-08-27;11;2;14;14;86350198899001;80;20162106024;SOSA JUAN CARLOS;80;30585569379;1,00;$;0,00;0,00;0,00;0,00;0,00;0,00;0,00;0,00;0,00;0,00;0,00;0,00;0,00;0,00;0,00;0,00;2650900,00
2026-08-27;11;2;41;41;86350199089087;80;20067248997;PAEZ DALMACIO RAMON;80;30585569379;1,00;$;0,00;0,00;0,00;0,00;0,00;0,00;0,00;0,00;0,00;0,00;0,00;0,00;0,00;0,00;0,00;0,00;612500,00
2026-08-28;1;6;753;753;86350268668085;80;20324149644;KRILL RENE EUGENIO;80;30585569379;1,00;$;;;;;;;;200837,70;956370,00;;;956370,00;0,00;0,00;0,00;200837,70;1157207,70
2026-08-28;1;2;129;129;86350339462022;80;20206840073;VITALIS CARLOS;80;30585569379;1,00;$;;;;;;;;744481,50;3545150,00;;;3545150,00;0,00;0,00;0,00;744481,50;4289631,50
2026-08-28;1;4;121;121;86350352188534;80;20304573792;VITKOSKI RUBEN OSCAR;80;30585569379;1,00;$;;;;;;;;730548,00;3478800,00;;;3478800,00;0,00;0,00;0,00;730548,00;4209348,00
2026-08-28;11;2;26;26;86350279738254;80;20268692526;PEREIRA SANDRO FABIAN;80;30585569379;1,00;$;0,00;0,00;0,00;0,00;0,00;0,00;0,00;0,00;0,00;0,00;0,00;0,00;0,00;0,00;0,00;0,00;529200,00
2026-08-28;11;2;46;46;86350284804350;80;27140882998;COSTA CARMEN GLADIS;80;30585569379;1,00;$;0,00;0,00;0,00;0,00;0,00;0,00;0,00;0,00;0,00;0,00;0,00;0,00;0,00;0,00;0,00;0,00;583100,00
2026-08-28;11;1;35;35;86350334364849;80;20084089363;DATSCHKE BALDUINO;80;30585569379;1,00;$;0,00;0,00;0,00;0,00;0,00;0,00;0,00;0,00;0,00;0,00;0,00;0,00;0,00;0,00;0,00;0,00;2283400,00
2026-08-28;11;6;14;14;86350352647201;80;20049901888;RIEGEL MARTIN ALBERTO;80;30585569379;1,00;$;0,00;0,00;0,00;0,00;0,00;0,00;0,00;0,00;0,00;0,00;0,00;0,00;0,00;0,00;0,00;0,00;1326000,00
2026-08-28;11;3;14;14;86350264794384;80;20221457103;DIELLO FABIAN CLAUDIO;80;30585569379;1,00;$;0,00;0,00;0,00;0,00;0,00;0,00;0,00;0,00;0,00;0,00;0,00;0,00;0,00;0,00;0,00;0,00;1773800,00
2026-08-28;11;2;57;57;86350349399165;80;20075589191;SAUDER BERNARDO;80;30585569379;1,00;$;0,00;0,00;0,00;0,00;0,00;0,00;0,00;0,00;0,00;0,00;0,00;0,00;0,00;0,00;0,00;0,00;2053100,00
2026-08-28;81;48;190844;190844;;80;23140632139;SCHOLLES OMAR ALBERTO;80;30585569379;1,00;$;0,00;0,00;0,00;0,00;0,00;0,00;0,00;14570,20;69381,90;0,00;0,00;69381,90;0,00;0,00;0,00;14570,20;97242,00
2026-08-29;1;2;114;114;86350456686637;80;27331603037;VITKOWSKI SANDRA MABEL;80;30585569379;1,00;$;;;;;;;;819000,00;3900000,00;;;3900000,00;0,00;0,00;0,00;819000,00;4719000,00
2026-08-29;81;9;53308;53308;;80;27290747436;LABANDOCZKA SILVIA MARIANA;80;30585569379;1,00;$;0,00;0,00;0,00;0,00;0,00;0,00;0,00;26965,52;128407,24;0,00;0,00;128407,24;0,00;0,00;0,00;26965,52;182520,01
2026-08-31;1;3;1630925;1630925;86351050892461;80;30716370964;ARGENPAY S.A.U.;80;30585569379;1,00;$;;;;;;;;28,35;135,00;;;135,00;0,00;0,00;0,00;28,35;163,35
2026-08-31;1;122;17533;17533;86361253857219;80;30707811516;TOURNE & TOURNE S.A.;80;30585569379;1,00;$;;;;;;37343,89;355656,12;119012,95;566728,35;;;922384,47;0,00;0,00;18758,71;156356,84;1097500,02
2026-08-31;1;3;5181;5181;86350985259802;80;20303633740;MICHALOVSKI ANTONIO RAFAEL;80;30585569379;1,00;$;;;;;;43302,00;412400,00;;;;;412400,00;0,00;0,00;13650,44;43302,00;469352,44
2026-08-31;1;3;5180;5180;86350983642921;80;20303633740;MICHALOVSKI ANTONIO RAFAEL;80;30585569379;1,00;$;;;;;;30528,75;290750,00;;;;;290750,00;0,00;0,00;9623,83;30528,75;330902,58
2026-08-31;1;6;1567;1567;86351074470634;80;20174630748;DO SANTOS SAMUEL;80;30585569379;1,00;$;;;;;;;;5250,00;25000,00;;;25000,00;0,00;0,00;0,00;5250,00;30250,00
2026-08-31;11;2;557;557;86350822240298;80;27336387081;DORNELLES JUANA ANGELINA;80;30585569379;1,00;$;0,00;0,00;0,00;0,00;0,00;0,00;0,00;0,00;0,00;0,00;0,00;0,00;0,00;0,00;0,00;0,00;46800,00
2026-08-31;11;5;157;157;86350770821621;80;20145130116;ARENHARDT NELSON BERNARDO;80;30585569379;1,00;$;0,00;0,00;0,00;0,00;0,00;0,00;0,00;0,00;0,00;0,00;0,00;0,00;0,00;0,00;0,00;0,00;249300,00
2026-08-31;63;3;176167;176167;86361359900604;80;30500010912;BANCO DE LA NACION ARGENTINA;80;30585569379;1,00;$;;;;;;;;14727,30;70130,00;;;70130,00;0,00;0,00;2070,00;14727,30;86927,30
2026-08-31;63;2003;2654;2654;86361808893410;80;30500010084;BANCO MACRO SOCIEDAD ANONIMA;80;30585569379;1,00;$;;;;;;;;45814,02;218162,00;;;218162,00;0,00;0,00;6542,10;45814,02;270518,12
2026-08-31;63;4003;554;554;86361801892124;80;30500010084;BANCO MACRO SOCIEDAD ANONIMA;80;30585569379;1,00;$;;;;;;;;63,00;300,00;;;300,00;0,00;0,00;0,00;63,00;363,00
2026-08-31;81;51;1724;1724;;80;23140632139;SCHOLLES OMAR ALBERTO;80;30585569379;1,00;$;0,00;0,00;0,00;0,00;0,00;0,00;0,00;694,22;3305,81;0,00;0,00;3305,81;0,00;0,00;0,00;694,22;4000,01
2026-08-31;81;48;190975;190975;;80;23140632139;SCHOLLES OMAR ALBERTO;80;30585569379;1,00;$;0,00;0,00;0,00;0,00;0,00;0,00;0,00;24223,97;115352,24;0,00;0,00;115352,24;0,00;0,00;0,00;24223,97;157498,94
2026-08-31;81;48;190998;190998;;80;23140632139;SCHOLLES OMAR ALBERTO;80;30585569379;1,00;$;0,00;0,00;0,00;0,00;0,00;0,00;0,00;32594,15;155210,24;0,00;0,00;155210,24;0,00;0,00;0,00;32594,15;211920,00
2026-08-31;112;51;5;5;;80;23140632139;SCHOLLES OMAR ALBERTO;80;30585569379;1,00;$;0,00;0,00;0,00;0,00;0,00;0,00;0,00;694,22;3305,81;0,00;0,00;3305,81;0,00;0,00;0,00;694,22;4000,01
2026-09-01;1;51;16206;16206;86350922019719;80;30707530207;BOSCO  S. A.;80;30585569379;1,00;$;;;;;;;;4512,40;21487,60;;;21487,60;0,00;0,00;0,00;4512,40;26000,00
2026-09-01;1;9;2588;2588;86350872344252;80;33683265689;GAMPEL COMUNICACIONES SRL;80;30585569379;1,00;$;;;;;;;;12116,79;57699,00;;;57699,00;0,00;0,00;0,00;12116,79;69815,79
2026-09-01;1;3;41775;41775;86350967329658;80;30714941999;EL ARTESANO SRL;80;30585569379;1,00;$;;;;;;4680,82;44579,27;96134,82;457784,78;;;502364,05;0,00;0,00;16628,25;100815,64;619807,94
2026-09-01;1;2;1515;1515;86350960435071;80;20329854621;GABROUSKI CRISTIAN MATIAS;80;30585569379;1,00;$;;;;;;;;235200,00;1120000,00;;;1120000,00;0,00;0,00;37072,00;235200,00;1392272,00
2026-09-01;1;2;2483;2483;86361243075474;80;20221456441;ZIMMERMANN CARLOS ALBERTO;80;30585569379;1,00;$;;;;;;;;38115,00;181500,00;;;181500,00;0,00;0,00;0,00;38115,00;219615,00
2026-09-01;1;16;64912;64912;86350869542251;80;30590578971;EXOLGAN S. A.;80;30585569379;1,00;$;;;;;;;;391536,18;1864458,00;;;1864458,00;0,00;0,00;55933,74;391536,18;2311927,92
2026-09-01;11;2;562;562;86351015344900;80;27336387081;DORNELLES JUANA ANGELINA;80;30585569379;1,00;$;0,00;0,00;0,00;0,00;0,00;0,00;0,00;0,00;0,00;0,00;0,00;0,00;0,00;0,00;0,00;0,00;47800,00
2026-09-01;11;9;697;697;86351043096886;80;27218529629;BOLHING YBETI;80;30585569379;1,00;$;0,00;0,00;0,00;0,00;0,00;0,00;0,00;0,00;0,00;0,00;0,00;0,00;0,00;0,00;0,00;0,00;64002,00
2026-09-01;11;1;36;36;86350958246613;80;20084089363;DATSCHKE BALDUINO;80;30585569379;1,00;$;0,00;0,00;0,00;0,00;0,00;0,00;0,00;0,00;0,00;0,00;0,00;0,00;0,00;0,00;0,00;0,00;1376900,00
2026-09-01;11;6;218;218;86350900063062;80;20169444995;CHAVES ROSSBERG LUIS ARIEL;80;30585569379;1,00;$;0,00;0,00;0,00;0,00;0,00;0,00;0,00;0,00;0,00;0,00;0,00;0,00;0,00;0,00;0,00;0,00;75000,00
2026-09-01;11;3;6;6;86351015015286;80;27242368350;CARBALLO SANDRA PAOLA;80;30585569379;1,00;$;0,00;0,00;0,00;0,00;0,00;0,00;0,00;0,00;0,00;0,00;0,00;0,00;0,00;0,00;0,00;0,00;1660000,00
2026-09-02;1;3;26287;26287;86351140127928;80;30716024349;DON CAMACHO DISTRIBUCIONES S.R.L;80;30585569379;1,00;$;;;;;;;;13380,28;63715,60;;;63715,60;1827,20;0,00;0,00;13380,28;78923,08
2026-09-02;1;7;2474;2474;86351051098409;80;27210804477;HERRERA AMALIA ESTHER;80;30585569379;1,00;$;;;;;;;;2772000,00;13200000,00;;;13200000,00;0,00;0,00;436920,00;2772000,00;16408920,00
2026-09-02;1;7;208;208;86351125191648;80;20411921612;KATZ DIEGO GUSTAVO;80;30585569379;1,00;$;;;;;;;;7637490,00;36369000,00;;;36369000,00;0,00;0,00;1203813,90;7637490,00;45210303,90
2026-09-02;1;2;2549;2549;86351151610738;80;27164184515;SCHULZ SILVIA ESTER;80;30585569379;1,00;$;;;;;;;;20826,45;99173,57;;;99173,57;0,00;0,00;0,00;20826,45;120000,01
2026-09-02;11;9;700;700;86351099263279;80;27218529629;BOLHING YBETI;80;30585569379;1,00;$;0,00;0,00;0,00;0,00;0,00;0,00;0,00;0,00;0,00;0,00;0,00;0,00;0,00;0,00;0,00;0,00;91000,00
2026-09-02;11;3;974;974;86351165035485;80;20143642985;MOREIRA JOSE EDUARDO;80;30585569379;1,00;$;0,00;0,00;0,00;0,00;0,00;0,00;0,00;0,00;0,00;0,00;0,00;0,00;0,00;0,00;0,00;0,00;2247200,00
2026-09-02;81;48;191152;191152;;80;23140632139;SCHOLLES OMAR ALBERTO;80;30585569379;1,00;$;0,00;0,00;0,00;0,00;0,00;0,00;0,00;18968,22;90324,86;0,00;0,00;90324,86;0,00;0,00;0,00;18968,22;124999,90
2026-09-03;1;4;1348;1348;86361318151776;80;20283378277;KWASZKA ALEXANDER ARIEL;80;30585569379;1,00;$;;;;;;;;7849,97;37380,79;;;37380,79;0,00;0,00;0,00;7849,97;45230,76
2026-09-03;1;3;2532;2532;86361241372221;80;33717137219;FULL PLAY SERVICIOS S.R.L.;80;30585569379;1,00;$;;;;;;;;3297,52;15702,48;;;15702,48;0,00;0,00;0,00;3297,52;19000,00
2026-09-03;1;4;2668;2668;86361222993006;80;20120535103;BARRIOS JULIO CESAR;80;30585569379;1,00;$;;;;;;;;14700,00;70000,00;;;70000,00;0,00;0,00;0,00;14700,00;84700,00
2026-09-03;1;16;40917;40917;86361237954377;80;30711740712;AGUAS MISIONERAS SOCIEDAD DEL ESTADO E. E.;80;30585569379;1,00;$;;;;;;;;877,29;4177,55;;;4177,55;0,00;0,00;0,00;877,29;5054,84
2026-09-03;1;3;220;220;86361240393997;80;20315012997;PIÑERO GABRIEL ROBERTO;80;30585569379;1,00;$;;;;;;;;84403,83;401923,00;;;401923,00;0,00;0,00;0,00;84403,83;486326,83
2026-09-03;3;1009;554;554;86362345624461;80;30500010084;BANCO MACRO SOCIEDAD ANONIMA;80;30585569379;1,00;$;;;;;;;;63,00;300,00;;;300,00;0,00;0,00;0,00;63,00;363,00
2026-09-03;3;1003;5612;5612;86372364415828;80;30500010084;BANCO MACRO SOCIEDAD ANONIMA;80;30585569379;1,00;$;;;;;;;;45814,02;218162,00;;;218162,00;0,00;0,00;6542,10;45814,02;270518,12
2026-09-03;11;2;45;45;86361216628472;80;20178546903;ERMANTRAUT ARMINDO;80;30585569379;1,00;$;0,00;0,00;0,00;0,00;0,00;0,00;0,00;0,00;0,00;0,00;0,00;0,00;0,00;0,00;0,00;0,00;235200,00
2026-09-03;11;3;30;30;86361308212117;80;20075807512;DATCHKE ELVINO;80;30585569379;1,00;$;0,00;0,00;0,00;0,00;0,00;0,00;0,00;0,00;0,00;0,00;0,00;0,00;0,00;0,00;0,00;0,00;1138800,00
2026-09-03;17;5;1671798;1671798;37350006471423;80;30545836900;ELECTRICIDAD DE MISIONES S. A.;;;1,00;$;0,00;0,00;0,00;0,00;0,00;0,00;0,00;64737,56;308274,10;0,00;0,00;308274,10;0,00;0,00;3969,69;64737,56;190475,53
2026-09-03;63;1009;554;554;86361329724016;80;30500010084;BANCO MACRO SOCIEDAD ANONIMA;80;30585569379;1,00;$;;;;;;;;63,00;300,00;;;300,00;0,00;0,00;0,00;63,00;363,00
2026-09-03;63;1003;53183;53183;86361334470516;80;30500010084;BANCO MACRO SOCIEDAD ANONIMA;80;30585569379;1,00;$;;;;;;;;45814,02;218162,00;;;218162,00;0,00;0,00;6542,10;45814,02;270518,12
2026-09-04;1;837;39254;39254;86361454779450;80;30715621866;GMRA S. A. U.;80;30585569379;1,00;$;;;;;;172370,95;1641628,05;;;;;1641628,05;0,00;0,00;0,00;172370,95;1813999,00
2026-09-04;1;2;284;284;86361422066259;80;20131359234;FRANDOVIAK PABLO BENJAMIN;80;30585569379;1,00;$;;;;;;;;4118478,00;19611800,00;;;19611800,00;0,00;0,00;0,00;4118478,00;23730278,00
2026-09-04;1;4;143;143;86361405578545;80;20296632792;RIEGEL HECTOR RUBEN;80;30585569379;1,00;$;;;;;;;;167076,00;795600,00;;;795600,00;0,00;0,00;0,00;167076,00;962676,00
2026-09-04;1;2;130;130;86361494202509;80;20206840073;VITALIS CARLOS;80;30585569379;1,00;$;;;;;;;;730002,00;3476200,00;;;3476200,00;0,00;0,00;0,00;730002,00;4206202,00
2026-09-04;1;2;69;69;86361405841812;80;20358401539;KATZ DIEGO GABRIEL;80;30585569379;1,00;$;;;;;;;;3800097,00;18095700,00;;;18095700,00;0,00;0,00;0,00;3800097,00;21895797,00
2026-09-04;11;1;83;83;86361422417805;80;20374710045;GLANZEL GERARDO;80;30585569379;1,00;$;0,00;0,00;0,00;0,00;0,00;0,00;0,00;0,00;0,00;0,00;0,00;0,00;0,00;0,00;0,00;0,00;35000,00
2026-09-04;11;1;53;53;86361487966090;80;20208846850;FIGUEREDO HECTOR;80;30585569379;1,00;$;0,00;0,00;0,00;0,00;0,00;0,00;0,00;0,00;0,00;0,00;0,00;0,00;0,00;0,00;0,00;0,00;705600,00
2026-09-04;11;1;8;8;86361514464167;80;23247387854;LEAL CLORINDA MABEL;80;30585569379;1,00;$;0,00;0,00;0,00;0,00;0,00;0,00;0,00;0,00;0,00;0,00;0,00;0,00;0,00;0,00;0,00;0,00;2327500,00
2026-09-04;11;3;15;15;86361402135471;80;20221457103;DIELLO FABIAN CLAUDIO;80;30585569379;1,00;$;0,00;0,00;0,00;0,00;0,00;0,00;0,00;0,00;0,00;0,00;0,00;0,00;0,00;0,00;0,00;0,00;1597400,00
2026-09-04;11;2;15;15;86361405777551;80;20162106024;SOSA JUAN CARLOS;80;30585569379;1,00;$;0,00;0,00;0,00;0,00;0,00;0,00;0,00;0,00;0,00;0,00;0,00;0,00;0,00;0,00;0,00;0,00;769300,00
2026-09-04;11;2;27;27;86361513905172;80;20268692526;PEREIRA SANDRO FABIAN;80;30585569379;1,00;$;0,00;0,00;0,00;0,00;0,00;0,00;0,00;0,00;0,00;0,00;0,00;0,00;0,00;0,00;0,00;0,00;392000,00
2026-09-04;81;48;191353;191353;;80;23140632139;SCHOLLES OMAR ALBERTO;80;30585569379;1,00;$;0,00;0,00;0,00;0,00;0,00;0,00;0,00;16297,07;77605,10;0,00;0,00;77605,10;0,00;0,00;0,00;16297,07;105960,00
2026-09-06;1;6;757;757;86361792257486;80;20324149644;KRILL RENE EUGENIO;80;30585569379;1,00;$;;;;;;;;186039,00;885900,00;;;885900,00;0,00;0,00;0,00;186039,00;1071939,00
2026-09-07;1;3;29;29;86362124224312;80;27348262551;VITALE ANALIA;80;30585569379;1,00;$;;;;;;;;30372,09;144629,00;;;144629,00;0,00;0,00;0,00;30372,09;175001,09
2026-09-07;1;3;222;222;86361840499410;80;20315012997;PIÑERO GABRIEL ROBERTO;80;30585569379;1,00;$;;;;;;;;65622,27;312487,00;;;312487,00;0,00;0,00;0,00;65622,27;378109,27
2026-09-07;3;3;6;6;86361836588846;80;20315012997;PIÑERO GABRIEL ROBERTO;80;30585569379;1,00;$;;;;;;;;84403,83;401923,00;;;401923,00;0,00;0,00;0,00;84403,83;486326,83
2026-09-07;11;4;814;814;86361856736351;80;20418718901;ARMELINI JONATHAN ORLANDO;80;30585569379;1,00;$;0,00;0,00;0,00;0,00;0,00;0,00;0,00;0,00;0,00;0,00;0,00;0,00;0,00;0,00;0,00;0,00;228000,00
2026-09-07;11;3;363;363;86361931944826;80;20112889311;KUMMRITZ HELMUTH OTTO;80;30585569379;1,00;$;0,00;0,00;0,00;0,00;0,00;0,00;0,00;0,00;0,00;0,00;0,00;0,00;0,00;0,00;0,00;0,00;116667,00
2026-09-08;1;142;871;871;86362054406020;80;30708673974;EL CONDOR S.R.L.;80;30585569379;1,00;$;;;;;;58121,92;553542,08;1027885,09;4894690,91;;;5448232,99;0,00;0,00;335480,37;1086007,01;6869720,37
2026-09-08;1;4;10963;10963;86362051653361;80;30709944629;954 LINCOLN SA;80;30585569379;1568,00;USD;;;;;;;;127,05;605,00;;;605,00;0,00;1050,00;0,00;127,05;1782,05
2026-09-08;1;369;696;696;86362159201570;80;30572365391;PETROVALLE SOCIEDAD ANONIMA;80;30585569379;1,00;$;;;;;;;;8895,34;42358,76;;;42358,76;0,00;0,00;9745,91;8895,34;61000,01
2026-09-08;1;4;6770;6770;86362082000707;80;20160594749;SANCHEZ MIGUEL;80;30585569379;1,00;$;;;;;;36013,65;342987,14;;;;;342987,14;0,00;0,00;0,00;36013,65;379000,80
2026-09-08;11;1;84;84;86362023108313;80;20374710045;GLANZEL GERARDO;80;30585569379;1,00;$;0,00;0,00;0,00;0,00;0,00;0,00;0,00;0,00;0,00;0,00;0,00;0,00;0,00;0,00;0,00;0,00;195000,00
2026-09-08;81;48;191601;191601;;80;23140632139;SCHOLLES OMAR ALBERTO;80;30585569379;1,00;$;0,00;0,00;0,00;0,00;0,00;0,00;0,00;23993,37;114254,14;0,00;0,00;114254,14;0,00;0,00;0,00;23993,37;155999,61
2026-09-09;1;3;26321;26321;86362272035932;80;30716024349;DON CAMACHO DISTRIBUCIONES S.R.L;80;30585569379;1,00;$;;;;;;;;12127,81;57751,46;;;57751,46;1659,20;0,00;0,00;12127,81;71538,46
2026-09-09;1;18;105283;105283;86372436039407;80;30603866092;FRIGORIFICO SAN FRANCISCO S.A.I.C. Y A. S. A.;80;30585569379;1,00;$;;;;;;88148,89;839513,22;;;;;839513,22;0,00;0,00;27787,89;88148,89;955450,00
2026-09-09;1;3;96;96;86362204337270;80;20233457338;SOTNIECZUK STASIUK RUBEN ALBERTO;80;30585569379;1,00;$;;;;;;;;840840,00;4004000,00;;;4004000,00;0,00;0,00;0,00;840840,00;4844840,00
2026-09-09;81;48;191681;191681;;80;23140632139;SCHOLLES OMAR ALBERTO;80;30585569379;1,00;$;0,00;0,00;0,00;0,00;0,00;0,00;0,00;11597,61;55226,71;0,00;0,00;55226,71;0,00;0,00;0,00;11597,61;79065,00
2026-09-10;1;4;10980;10980;86372462288854;80;30709944629;954 LINCOLN SA;80;30585569379;1568,00;USD;;;;;;;;106,05;505,00;;;505,00;0,00;1050,00;0,00;106,05;1661,05
2026-09-10;1;5;1630;1630;86372459608973;80;20276750020;RIEGEL DARIO ANDRES;80;30585569379;1,00;$;;;;;;;;51996,87;247604,13;;;247604,13;1399,00;0,00;0,00;51996,87;301000,00
2026-09-10;1;4;1357;1357;86372465037611;80;20283378277;KWASZKA ALEXANDER ARIEL;80;30585569379;1,00;$;;;;;;;;9385,25;44691,67;;;44691,67;0,00;0,00;0,00;9385,25;54076,92
2026-09-10;1;2;332;332;86372399835474;80;20163843057;DIELLO ISRAEL;80;30585569379;1,00;$;;;;;;;;63798,00;303800,00;;;303800,00;0,00;0,00;0,00;63798,00;367598,00
2026-09-10;1;4;124;124;86372490911617;80;20304573792;VITKOSKI RUBEN OSCAR;80;30585569379;1,00;$;;;;;;;;1197000,00;5700000,00;;;5700000,00;0,00;0,00;0,00;1197000,00;6897000,00
2026-09-10;11;2;46;46;86372368982011;80;20178546903;ERMANTRAUT ARMINDO;80;30585569379;1,00;$;0,00;0,00;0,00;0,00;0,00;0,00;0,00;0,00;0,00;0,00;0,00;0,00;0,00;0,00;0,00;0,00;44100,00
2026-09-11;1;3;104;104;86372625523358;80;20237439563;WAYER LOTARIO ENRIQUE;80;30585569379;1,00;$;;;;;;;;1017744,00;4846400,00;;;4846400,00;0,00;0,00;0,00;1017744,00;5864144,00
2026-09-11;11;1;54;54;86372575045072;80;20208846850;FIGUEREDO HECTOR;80;30585569379;1,00;$;0,00;0,00;0,00;0,00;0,00;0,00;0,00;0,00;0,00;0,00;0,00;0,00;0,00;0,00;0,00;0,00;999600,00
2026-09-11;11;3;16;16;86372546834465;80;20221457103;DIELLO FABIAN CLAUDIO;80;30585569379;1,00;$;0,00;0,00;0,00;0,00;0,00;0,00;0,00;0,00;0,00;0,00;0,00;0,00;0,00;0,00;0,00;0,00;2254000,00
2026-09-11;11;2;42;42;86372622026785;80;20067248997;PAEZ DALMACIO RAMON;80;30585569379;1,00;$;0,00;0,00;0,00;0,00;0,00;0,00;0,00;0,00;0,00;0,00;0,00;0,00;0,00;0,00;0,00;0,00;2649675,00
2026-09-11;11;2;51;51;86372637289921;80;23103082269;OLINCHAK REINALDO;80;30585569379;1,00;$;0,00;0,00;0,00;0,00;0,00;0,00;0,00;0,00;0,00;0,00;0,00;0,00;0,00;0,00;0,00;0,00;3346700,00
2026-09-11;11;2;125;125;86372552782530;80;27307530487;OLYNIZACK GLADYS CRISTINA;80;30585569379;1,00;$;0,00;0,00;0,00;0,00;0,00;0,00;0,00;0,00;0,00;0,00;0,00;0,00;0,00;0,00;0,00;0,00;1331200,00
2026-09-14;1;10;250;250;86394531030771;80;23166972329;WEGNER EDVINO;80;30585569379;1,00;$;;;;;;;;31257,06;148843,14;;;148843,14;0,00;0,00;0,00;31257,06;180100,16
2026-09-14;11;1;86;86;86372947746884;80;20374710045;GLANZEL GERARDO;80;30585569379;1,00;$;0,00;0,00;0,00;0,00;0,00;0,00;0,00;0,00;0,00;0,00;0,00;0,00;0,00;0,00;0,00;0,00;260000,00
2026-09-14;11;1;85;85;86372920474396;80;20374710045;GLANZEL GERARDO;80;30585569379;1,00;$;0,00;0,00;0,00;0,00;0,00;0,00;0,00;0,00;0,00;0,00;0,00;0,00;0,00;0,00;0,00;0,00;40000,00
2026-09-14;11;4;11;11;86373003089396;80;23358401619;MIQUETEN ENZO RUBEN;80;30585569379;1,00;$;0,00;0,00;0,00;0,00;0,00;0,00;0,00;0,00;0,00;0,00;0,00;0,00;0,00;0,00;0,00;0,00;294000,00
2026-09-14;11;3;491;491;86373017548164;80;20245770481;LEMHOFER ERNESTO GERARDO;80;30585569379;1,00;$;0,00;0,00;0,00;0,00;0,00;0,00;0,00;0,00;0,00;0,00;0,00;0,00;0,00;0,00;0,00;0,00;164000,00
2026-09-15;1;9;133;133;86373164356316;80;20138263488;WURM CARLOS ALBERTO;80;30585569379;1,00;$;;;;;;;;19714,18;93877,04;;;93877,04;0,00;0,00;0,00;19714,18;113591,22
2026-09-15;1;7;942798;942798;86373226254708;80;30708169575;ABARCA S.R.L.;80;30585569379;1,00;$;;;;;;;;73964,68;352212,76;;;352212,76;0,00;0,00;10566,37;73964,68;436743,81
2026-09-15;1;7;942799;942799;86373226254724;80;30708169575;ABARCA S.R.L.;80;30585569379;1,00;$;;;;;;;;29621,42;141054,37;;;141054,37;0,00;0,00;4231,65;29621,42;174907,44
2026-09-15;1;7;942800;942800;86373226254737;80;30708169575;ABARCA S.R.L.;80;30585569379;1,00;$;;;;;;;;65366,47;311268,89;;;311268,89;0,00;0,00;9338,07;65366,47;385973,43
2026-09-15;1;7;942801;942801;86373226254753;80;30708169575;ABARCA S.R.L.;80;30585569379;1,00;$;;;;;;;;11292,61;53774,32;;;53774,32;0,00;0,00;0,00;11292,61;65066,93
2026-09-15;1;3;1634565;1634565;86373271816569;80;30716370964;ARGENPAY S.A.U.;80;30585569379;1,00;$;;;;;;;;525,79;2503,74;;;2503,74;0,00;0,00;0,00;525,79;3029,52
2026-09-15;1;3;387;387;86373181110201;80;23278371689;SPENGLER DIEGO ROLANDO;80;30585569379;1,00;$;;;;;;4751,14;45248,95;;;;;45248,95;0,00;0,00;0,00;4751,14;50000,14
2026-09-15;1;6;767;767;86373225334101;80;20324149644;KRILL RENE EUGENIO;80;30585569379;1,00;$;;;;;;;;213973,20;1018920,00;;;1018920,00;0,00;0,00;0,00;213973,20;1232893,20
2026-09-15;11;1;43;43;86373114864443;80;27145130927;DALL AGNESE LIDIA;80;30585569379;1,00;$;0,00;0,00;0,00;0,00;0,00;0,00;0,00;0,00;0,00;0,00;0,00;0,00;0,00;0,00;0,00;0,00;780000,00
2026-09-15;81;48;192084;192084;;80;23140632139;SCHOLLES OMAR ALBERTO;80;30585569379;1,00;$;0,00;0,00;0,00;0,00;0,00;0,00;0,00;16135,25;76834,52;0,00;0,00;76834,52;0,00;0,00;0,00;16135,25;109999,74
2026-09-16;1;5;38971;38971;86373341231994;80;30709802999;DON GUILLERMO SRL;80;30585569379;1,00;$;;;;;;;;311946,58;1485459,91;;;1485459,91;0,00;0,00;49168,72;311946,58;1846575,21
2026-09-16;1;3;26353;26353;86373375214589;80;30716024349;DON CAMACHO DISTRIBUCIONES S.R.L;80;30585569379;1,00;$;;;;;;;;13092,23;62343,93;;;62343,93;1179,20;0,00;0,00;13092,23;76615,36
2026-09-16;1;5;407707;407707;86373361522972;80;30708098031;ECONOR S. R. L.;80;30585569379;1,00;$;;;;;;;;40668,04;193657,31;;;193657,31;0,00;0,00;5809,72;40668,04;240135,07
2026-09-16;1;18;105529;105529;86383482952223;80;30603866092;FRIGORIFICO SAN FRANCISCO S.A.I.C. Y A. S. A.;80;30585569379;1,00;$;;;;;;83605,13;796239,35;;;;;796239,35;0,00;0,00;26355,52;83605,13;906200,00
2026-09-16;11;6;15;15;86373280383773;80;20049901888;RIEGEL MARTIN ALBERTO;80;30585569379;1,00;$;0,00;0,00;0,00;0,00;0,00;0,00;0,00;0,00;0,00;0,00;0,00;0,00;0,00;0,00;0,00;0,00;1393600,00
2026-09-16;81;48;192214;192214;;80;23140632139;SCHOLLES OMAR ALBERTO;80;30585569379;1,00;$;0,00;0,00;0,00;0,00;0,00;0,00;0,00;21686,52;103269,14;0,00;0,00;103269,14;0,00;0,00;0,00;21686,52;141000,97
2026-09-16;81;48;192231;192231;;80;23140632139;SCHOLLES OMAR ALBERTO;80;30585569379;1,00;$;0,00;0,00;0,00;0,00;0,00;0,00;0,00;104063,08;495538,48;0,00;0,00;495538,48;0,00;0,00;0,00;104063,08;718289,48
2026-09-17;1;26;707921;707921;86383417116300;80;30637530158;COOPERATIVA FRIGORIFICA LEANDRO N ALEM;80;30585569379;1,00;$;;;;;;21550,20;205240,01;29068,91;138423,40;;;343663,41;0,00;0,00;4152,70;50619,11;398435,22
2026-09-17;1;7;943937;943937;86383567396941;80;30708169575;ABARCA S.R.L.;80;30585569379;1,00;$;;;;;;;;2,85;13,56;;;13,56;0,00;0,00;0,00;2,85;16,41
2026-09-17;1;4;1367;1367;86383503925146;80;20283378277;KWASZKA ALEXANDER ARIEL;80;30585569379;1,00;$;;;;;;;;10958,08;52181,33;;;52181,33;0,00;0,00;0,00;10958,08;63139,40
2026-09-17;1;6;5783;5783;86383422754938;80;30711372268;AL.JOR.CONSTRUCCIONES SRL;80;30585569379;1,00;$;;;;;;;;109142,94;519728,30;;;519728,30;0,00;0,00;17203,01;109142,94;646074,25
2026-09-17;1;3;388;388;86383530359474;80;23278371689;SPENGLER DIEGO ROLANDO;80;30585569379;1,00;$;;;;;;2850,69;27149,43;;;;;27149,43;0,00;0,00;0,00;2850,69;30000,09
2026-09-17;1;7;216;216;86383570546846;80;20411921612;KATZ DIEGO GUSTAVO;80;30585569379;1,00;$;;;;;;;;5271966,00;25104600,00;;;25104600,00;0,00;0,00;830962,26;5271966,00;31207528,26
2026-09-17;1;3;1;1;86383570737987;80;30718838394;KATZ HERMANOS S. R. L.;80;30585569379;1,00;$;;;;;;;;2072952,00;9871200,00;;;9871200,00;0,00;0,00;0,00;2072952,00;11944152,00
2026-09-17;1;2;450;450;86383469558969;80;27136587272;GUARDIA MIRIAN BEATRIZ;80;30585569379;1,00;$;;;;;;;;50400,00;240000,00;;;240000,00;0,00;0,00;0,00;50400,00;290400,00
2026-09-17;1;2;451;451;86383470634598;80;27136587272;GUARDIA MIRIAN BEATRIZ;80;30585569379;1,00;$;;;;;;;;50400,00;240000,00;;;240000,00;0,00;0,00;0,00;50400,00;290400,00
2026-09-17;11;2;85;85;86383447638840;80;20218525920;SUAREZ RUBEN OSCAR;80;30585569379;1,00;$;0,00;0,00;0,00;0,00;0,00;0,00;0,00;0,00;0,00;0,00;0,00;0,00;0,00;0,00;0,00;0,00;406700,00
2026-09-17;11;1;55;55;86383458701478;80;20208846850;FIGUEREDO HECTOR;80;30585569379;1,00;$;0,00;0,00;0,00;0,00;0,00;0,00;0,00;0,00;0,00;0,00;0,00;0,00;0,00;0,00;0,00;0,00;396900,00
2026-09-17;81;48;192284;192284;;80;23140632139;SCHOLLES OMAR ALBERTO;80;30585569379;1,00;$;0,00;0,00;0,00;0,00;0,00;0,00;0,00;76448,07;364038,43;0,00;0,00;364038,43;0,00;0,00;0,00;76448,07;517935,02
2026-09-18;1;40;1136;1136;86383597504140;80;30567223899;AUTOVALLE SOCIEDAD ANONIMA;80;30585569379;1,00;$;;;;;;;;44761,76;213151,22;;;213151,22;0,00;0,00;0,00;44761,76;257912,98
2026-09-18;1;122;17678;17678;86384421692909;80;30707811516;TOURNE & TOURNE S.A.;80;30585569379;1,00;$;;;;;;;;340162,50;1619821,42;;;1619821,42;0,00;0,00;53616,08;340162,50;2013600,00
2026-09-18;1;122;17679;17679;86384422280952;80;30707811516;TOURNE & TOURNE S.A.;80;30585569379;1,00;$;;;;;;9122,17;86877,83;75218,18;358181,83;;;445059,66;0,00;0,00;0,00;84340,35;529400,01
2026-09-18;1;2;217;217;86383639680478;80;20116850096;FRANSKOVIAK JULIO;80;30585569379;1,00;$;;;;;;;;190365,00;906500,00;;;906500,00;0,00;0,00;0,00;190365,00;1096865,00
2026-09-18;1;2;132;132;86383679321598;80;20206840073;VITALIS CARLOS;80;30585569379;1,00;$;;;;;;;;353808,00;1684800,00;;;1684800,00;0,00;0,00;0,00;353808,00;2038608,00
2026-09-18;1;4;126;126;86383695542320;80;20304573792;VITKOSKI RUBEN OSCAR;80;30585569379;1,00;$;;;;;;;;629143,20;2995920,00;;;2995920,00;0,00;0,00;0,00;629143,20;3625063,20
2026-09-18;11;2;126;126;86383601979697;80;27307530487;OLYNIZACK GLADYS CRISTINA;80;30585569379;1,00;$;0,00;0,00;0,00;0,00;0,00;0,00;0,00;0,00;0,00;0,00;0,00;0,00;0,00;0,00;0,00;0,00;1253200,00
2026-09-18;11;6;16;16;86383695815346;80;20049901888;RIEGEL MARTIN ALBERTO;80;30585569379;1,00;$;0,00;0,00;0,00;0,00;0,00;0,00;0,00;0,00;0,00;0,00;0,00;0,00;0,00;0,00;0,00;0,00;20800,00
2026-09-18;11;1;34;34;86383718056303;80;20288713112;OLINYZAK DANIEL RUBEN;80;30585569379;1,00;$;0,00;0,00;0,00;0,00;0,00;0,00;0,00;0,00;0,00;0,00;0,00;0,00;0,00;0,00;0,00;0,00;3530800,00
2026-09-18;11;2;7;7;86383639380320;80;27145132644;LAUMANN LELIA LUCIA;80;30585569379;1,00;$;0,00;0,00;0,00;0,00;0,00;0,00;0,00;0,00;0,00;0,00;0,00;0,00;0,00;0,00;0,00;0,00;3125200,00
2026-09-18;11;3;17;17;86383632811399;80;20221457103;DIELLO FABIAN CLAUDIO;80;30585569379;1,00;$;0,00;0,00;0,00;0,00;0,00;0,00;0,00;0,00;0,00;0,00;0,00;0,00;0,00;0,00;0,00;0,00;1038800,00
2026-09-18;81;51;1755;1755;;80;23140632139;SCHOLLES OMAR ALBERTO;80;30585569379;1,00;$;0,00;0,00;0,00;0,00;0,00;0,00;0,00;7887,00;37557,14;0,00;0,00;37557,14;0,00;0,00;0,00;7887,00;45500,01
2026-09-19;1;2;70;70;86383781228028;80;20358401539;KATZ DIEGO GABRIEL;80;30585569379;1,00;$;;;;;;;;2248428,00;10706800,00;;;10706800,00;0,00;0,00;0,00;2248428,00;12955228,00
2026-09-21;1;3950;8319299;8319299;86384228253140;80;30639453738;TELECOM ARGENTINA SOCIEDAD ANONIMA;80;30585569379;1,00;$;;;;;;;;6067,58;28893,26;58,66;217,25;29110,51;0,00;0,00;873,32;6126,24;36110,07
2026-09-22;1;2;2586;2586;86384158249047;80;30711598762;KUKLIS JOSE ALBERTO Y KUKLIS FABIAN GUSTAVO - SOCIEDAD DE HECHO;80;30585569379;1,00;$;;;;;;;;46200,00;220000,00;;;220000,00;54768,15;0,00;0,00;46200,00;320968,15
2026-09-22;1;5;2134;2134;86384174732409;80;23317899459;LABANDOCZKA ORLANDO FABIAN;80;30585569379;1,00;$;;;;;;;;8721,06;41528,85;;;41528,85;0,00;0,00;0,00;8721,06;50249,91
2026-09-22;1;1340;662466;662466;86384364943989;80;30663288497;AMX ARGENTINA SOCIEDAD ANONIMA;80;30585569379;1,00;$;;;;;;;;964,95;4595,00;3152,46;11675,77;16270,77;0,00;0,00;488,12;4117,41;20876,30
2026-09-22;11;2;23;23;86384175806606;80;20223140077;MARQUEZ HUGO ORLANDO;80;30585569379;1,00;$;0,00;0,00;0,00;0,00;0,00;0,00;0,00;0,00;0,00;0,00;0,00;0,00;0,00;0,00;0,00;0,00;3177200,00
2026-09-22;81;48;192624;192624;;80;23140632139;SCHOLLES OMAR ALBERTO;80;30585569379;1,00;$;0,00;0,00;0,00;0,00;0,00;0,00;0,00;14911,21;71005,76;0,00;0,00;71005,76;0,00;0,00;0,00;14911,21;101655,00
2026-09-22;81;48;192664;192664;;80;23140632139;SCHOLLES OMAR ALBERTO;80;30585569379;1,00;$;0,00;0,00;0,00;0,00;0,00;0,00;0,00;16788,96;79947,43;0,00;0,00;79947,43;0,00;0,00;0,00;16788,96;110000,00
2026-09-23;1;3;26386;26386;86384433349017;80;30716024349;DON CAMACHO DISTRIBUCIONES S.R.L;80;30585569379;1,00;$;;;;;;;;21036,24;100172,60;;;100172,60;2478,40;0,00;3005,18;21036,24;126692,42
2026-09-23;1;18;105741;105741;86394552806704;80;30603866092;FRIGORIFICO SAN FRANCISCO S.A.I.C. Y A. S. A.;80;30585569379;1,00;$;;;;;;82696,38;787584,57;;;;;787584,57;0,00;0,00;26069,05;82696,38;896350,00
2026-09-23;11;4;362;362;86384400911690;80;27041829783;PROCACCI MATILDE NELIDA;80;30585569379;1,00;$;0,00;0,00;0,00;0,00;0,00;0,00;0,00;0,00;0,00;0,00;0,00;0,00;0,00;0,00;0,00;0,00;223500,80
2026-09-24;1;5;12101;12101;86394504875057;80;20233567184;GLASIK ROBERTO JAVIER;80;30585569379;1,00;$;;;;;;;;156881,43;747054,44;;;747054,44;0,00;0,00;24727,50;156881,43;928663,38
2026-09-24;1;5;46608;46608;86394532433367;80;30711527156;HUXLEY S.A.;80;30585569379;1,00;$;;;;;;;;47063,10;224110,00;;;224110,00;0,00;0,00;0,00;47063,10;271173,10
2026-09-25;1;8;31087;31087;86394693172294;80;30709746185;OUTSOURCING RRHH BURO S.R.L.;80;30585569379;1,00;$;;;;;;;;8633,13;41110,13;;;41110,13;0,00;0,00;0,00;8633,13;49743,26
2026-09-25;1;5;1648;1648;86394652345628;80;20276750020;RIEGEL DARIO ANDRES;80;30585569379;1,00;$;;;;;;;;51875,21;247024,79;;;247024,79;0,00;0,00;0,00;51875,21;298900,00
2026-09-25;1;330;19742;19742;86394762875579;80;30594494187;FEDERAL EXPRESS CORPORATION;80;30585569379;1,00;$;;;;;;;;;;;;0,00;0,00;294987,00;0,00;0,00;294987,00
2026-09-25;1;330;19743;19743;86394762899142;80;30594494187;FEDERAL EXPRESS CORPORATION;80;30585569379;1,00;$;;;;;;;;;;;;0,00;0,00;149864,12;0,00;0,00;149864,12
2026-09-25;11;2;52;52;86394660084134;80;23103082269;OLINCHAK REINALDO;80;30585569379;1,00;$;0,00;0,00;0,00;0,00;0,00;0,00;0,00;0,00;0,00;0,00;0,00;0,00;0,00;0,00;0,00;0,00;529200,00
2026-09-25;11;2;127;127;86394667052245;80;27307530487;OLYNIZACK GLADYS CRISTINA;80;30585569379;1,00;$;0,00;0,00;0,00;0,00;0,00;0,00;0,00;0,00;0,00;0,00;0,00;0,00;0,00;0,00;0,00;0,00;1128400,00
2026-09-28;1;5;46694;46694;86395046403190;80;30711527156;HUXLEY S.A.;80;30585569379;1,00;$;;;;;;;;23761,50;113150,00;;;113150,00;0,00;0,00;0,00;23761,50;136911,50
2026-09-28;1;3;42315;42315;86395046475101;80;30714941999;EL ARTESANO SRL;80;30585569379;1,00;$;;;;;;;;78222,02;372485,77;;;372485,77;0,00;0,00;0,00;78222,02;450707,79
2026-09-28;1;6;7483;7483;86395037831722;80;30716512149;COMPAÑIA ELECTRICA SRL;80;30585569379;1,00;$;;;;;;;;27286,39;129935,19;;;129935,19;0,00;0,00;0,00;27286,39;157221,58
2026-09-29;1;7;947419;947419;86395306896035;80;30708169575;ABARCA S.R.L.;80;30585569379;1,00;$;;;;;;;;39745,49;189264,24;;;189264,24;0,00;0,00;5677,92;39745,49;234687,65
2026-09-29;1;7;947420;947420;86395306896048;80;30708169575;ABARCA S.R.L.;80;30585569379;1,00;$;;;;;;;;19614,44;93402,10;;;93402,10;0,00;0,00;0,00;19614,44;113016,54
2026-09-29;1;6;182;182;86395159228932;80;27250138569;STEVENS ANALIA ROSA;80;30585569379;1,00;$;;;;;;;;103958,68;495041,33;;;495041,33;0,00;0,00;0,00;103958,68;599000,00
2026-09-29;1;4;6793;6793;86395247266879;80;20160594749;SANCHEZ MIGUEL;80;30585569379;1,00;$;;;;;;42427,70;404073,33;;;;;404073,33;0,00;0,00;0,00;42427,70;446501,00
2026-09-29;81;48;193126;193126;;80;23140632139;SCHOLLES OMAR ALBERTO;80;30585569379;1,00;$;0,00;0,00;0,00;0,00;0,00;0,00;0,00;28792,13;137105,38;0,00;0,00;137105,38;0,00;0,00;0,00;28792,13;186001,20
2026-09-30;1;4;104695;104695;86395357769376;80;30711543267;BINDER RULEMANES S.A.;80;30585569379;1,00;$;;;;;;;;297131,80;1414913,32;;;1414913,32;0,00;0,00;0,00;297131,80;1712045,12
2026-09-30;1;5;408255;408255;86395463782841;80;30708098031;ECONOR S. R. L.;80;30585569379;1,00;$;;;;;;3221,78;30683,61;45047,50;214511,90;;;245195,51;0,00;0,00;6895,61;48269,28;300360,40
2026-09-30;1;7;33011;33011;86395422067756;80;30711486670;DEL LIBANO S.R.L.;80;30585569379;1,00;$;;;;;;;;21404,79;101927,56;;;101927,56;0,00;0,00;0,00;21404,79;123332,35
2026-09-30;1;3;1642216;1642216;86405518168212;80;30716370964;ARGENPAY S.A.U.;80;30585569379;1,00;$;;;;;;;;588,22;2801,04;;;2801,04;0,00;0,00;0,00;588,22;3389,26
2026-09-30;11;2;221;221;86395358201664;80;20167865403;JASIEJKO MIGUEL ANGEL;80;30585569379;1,00;$;0,00;0,00;0,00;0,00;0,00;0,00;0,00;0,00;0,00;0,00;0,00;0,00;0,00;0,00;0,00;0,00;221000,00
2026-09-30;17;5;1687631;1687631;37380006505540;80;30545836900;ELECTRICIDAD DE MISIONES S. A.;;;1,00;$;0,00;0,00;0,00;0,00;0,00;0,00;0,00;35853,54;170731,14;0,00;0,00;170731,14;0,00;0,00;3969,69;35853,54;107262,01
2026-09-30;63;1003;178063;178063;86406312389725;80;30500010084;BANCO MACRO SOCIEDAD ANONIMA;80;30585569379;1,00;$;;;;;;;;44431,80;211580,00;;;211580,00;0,00;0,00;6345,60;44431,80;262357,40
2026-09-30;63;1009;32806;32806;86406310448638;80;30500010084;BANCO MACRO SOCIEDAD ANONIMA;80;30585569379;1,00;$;;;;;;;;42,00;200,00;;;200,00;0,00;0,00;0,00;42,00;242,00
2026-09-30;81;48;193189;193189;;80;23140632139;SCHOLLES OMAR ALBERTO;80;30585569379;1,00;$;0,00;0,00;0,00;0,00;0,00;0,00;0,00;25820,16;122953,14;0,00;0,00;122953,14;0,00;0,00;0,00;25820,16;166860,00
2026-10-01;1;4;1380;1380;86405651300005;80;20283378277;KWASZKA ALEXANDER ARIEL;80;30585569379;1,00;$;;;;;;;;18390,03;87571,57;;;87571,57;0,00;0,00;0,00;18390,03;105961,60
2026-10-01;1;9;2604;2604;86405690957773;80;33683265689;GAMPEL COMUNICACIONES SRL;80;30585569379;1,00;$;;;;;;;;12116,79;57699,00;;;57699,00;0,00;0,00;0,00;12116,79;69815,79
2026-10-01;1;1;12;12;86405653311271;80;30718838394;KATZ HERMANOS S. R. L.;80;30585569379;1,00;$;;;;;;;;573035,40;2728740,00;;;2728740,00;0,00;0,00;90321,29;573035,40;3392096,69
2026-10-01;1;2;71;71;86405662108526;80;20358401539;KATZ DIEGO GABRIEL;80;30585569379;1,00;$;;;;;;;;843360,00;4016000,00;;;4016000,00;0,00;0,00;0,00;843360,00;4859360,00
2026-10-01;1;14;817990;817990;86405581870243;80;30678196165;TERMINAL 4  S A;80;30585569379;1,00;$;;;;;;;;417832,80;1989680,00;;;1989680,00;0,00;0,00;0,00;417832,80;2407512,80
2026-10-01;1;14;817991;817991;86405582419899;80;30678196165;TERMINAL 4  S A;80;30585569379;1,00;$;;;;;;;;243520,20;1159620,00;;;1159620,00;0,00;0,00;0,00;243520,20;1403140,20
2026-10-01;11;3;51;51;86405656506652;80;27144226998;YENKALA LIDIA;80;30585569379;1,00;$;0,00;0,00;0,00;0,00;0,00;0,00;0,00;0,00;0,00;0,00;0,00;0,00;0,00;0,00;0,00;0,00;992000,00
2026-10-01;13;2;5;5;86405660135127;80;20218525920;SUAREZ RUBEN OSCAR;80;30585569379;1,00;$;0,00;0,00;0,00;0,00;0,00;0,00;0,00;0,00;0,00;0,00;0,00;0,00;0,00;0,00;0,00;0,00;2502960,00
2026-10-02;1;2;336;336;86405754908049;80;20163843057;DIELLO ISRAEL;80;30585569379;1,00;$;;;;;;;;313740,00;1494000,00;;;1494000,00;0,00;0,00;0,00;313740,00;1807740,00
2026-10-02;1;4;129;129;86405841780500;80;20304573792;VITKOSKI RUBEN OSCAR;80;30585569379;1,00;$;;;;;;;;840000,00;4000000,00;;;4000000,00;0,00;0,00;0,00;840000,00;4840000,00
2026-10-02;1;2;115;115;86405777193726;80;27331603037;VITKOWSKI SANDRA MABEL;80;30585569379;1,00;$;;;;;;;;388206,00;1848600,00;;;1848600,00;0,00;0,00;0,00;388206,00;2236806,00
2026-10-02;11;2;77;77;86405734786212;80;20145130337;WEDNER RODOLFO;80;30585569379;1,00;$;0,00;0,00;0,00;0,00;0,00;0,00;0,00;0,00;0,00;0,00;0,00;0,00;0,00;0,00;0,00;0,00;868000,00
2026-10-02;11;3;7;7;86406269686962;80;27242368350;CARBALLO SANDRA PAOLA;80;30585569379;1,00;$;0,00;0,00;0,00;0,00;0,00;0,00;0,00;0,00;0,00;0,00;0,00;0,00;0,00;0,00;0,00;0,00;1277000,00
2026-10-03;11;3;497;497;86405936869185;80;20245770481;LEMHOFER ERNESTO GERARDO;80;30585569379;1,00;$;0,00;0,00;0,00;0,00;0,00;0,00;0,00;0,00;0,00;0,00;0,00;0,00;0,00;0,00;0,00;0,00;164000,00
2026-10-04;11;3;994;994;86406067575466;80;20143642985;MOREIRA JOSE EDUARDO;80;30585569379;1,00;$;0,00;0,00;0,00;0,00;0,00;0,00;0,00;0,00;0,00;0,00;0,00;0,00;0,00;0,00;0,00;0,00;210000,00
2026-10-05;1;3;2594;2594;86406189622657;80;33717137219;FULL PLAY SERVICIOS S.R.L.;80;30585569379;1,00;$;;;;;;;;3297,52;15702,48;;;15702,48;0,00;0,00;0,00;3297,52;19000,00
2026-10-05;1;8;222078;222078;86406177625768;80;30707851895;TRANSPORTE GARAY S. A.;80;30585569379;1,00;$;;;;;;;;1953000,00;9300000,00;;;9300000,00;0,00;0,00;307830,00;1953000,00;11560830,00
2026-10-05;3;15;24266;24266;86406148370807;80;33707366589;FEDERACION PATRONAL SEGUROS S. A. U.;80;30585569379;1,00;$;;;;;;;;;;;;0,00;0,00;16144,98;96,87;0,00;16241,85
2026-10-05;11;6;226;226;86406157409039;80;20169444995;CHAVES ROSSBERG LUIS ARIEL;80;30585569379;1,00;$;0,00;0,00;0,00;0,00;0,00;0,00;0,00;0,00;0,00;0,00;0,00;0,00;0,00;0,00;0,00;0,00;75000,00
2026-10-05;11;5;160;160;86406265874051;80;20145130116;ARENHARDT NELSON BERNARDO;80;30585569379;1,00;$;0,00;0,00;0,00;0,00;0,00;0,00;0,00;0,00;0,00;0,00;0,00;0,00;0,00;0,00;0,00;0,00;458100,00
2026-10-05;11;2;46;46;86406196178079;80;20170194722;WIEDNER EUGENIO;80;30585569379;1,00;$;0,00;0,00;0,00;0,00;0,00;0,00;0,00;0,00;0,00;0,00;0,00;0,00;0,00;0,00;0,00;0,00;332800,00
